mogende	megende	mogende	1	singular
mogende	mogeude	mogende	1	singular
mogende	mngende	mogende	1	singular
mogende	maogende	mogende	1	singular
mogende	mogerde	mogende	1	singular
mogende	moyende	mogende	1	singular
mogende	mugende	mogende	1	singular
mogende	mogenje	mogende	1	singular
mogende	mopende	mogende	1	singular
mogende	mogence	mogende	1	singular
mogende	mogense	mogende	1	singular
mogende	magende	mogende	1	singular
mogende	mogenie	mogende	1	singular
mogende	mogend	mogende	1	singular
mogende	mogeende	mogende	1	singular
mogende	mogendel	mogende	1	singular
mogende	mogernde	mogende	1	singular
mogende	meogende	mogende	1	singular
mogende	migende	mogende	1	singular
mogende	mougende	mogende	1	singular
mogende	gende	mogende	2	singular
mogende	mgende	mogende	1	singular
mogende	mogendete	mogende	2	singular
mogende	mogde	mogende	2	singular
mogende	mogendeop	mogende	2	singular
mogende	mognde	mogende	1	singular
mogende	movende	mogende	1	singular
mogende	mogendeis	mogende	2	singular
mogende	moende	mogende	1	singular
mogende	mogendé	mogende	1	singular
mogende	moogende	mogende	1	singular
mogende	mogender	mogende	1	singular
mogende	mogenge	mogende	1	singular
mogende	mogenide	mogende	1	singular
mogende	mogendeby	mogende	2	singular
mogende	mcgende	mogende	1	singular
mogende	mogpende	mogende	1	singular
mogende	moegende	mogende	1	singular
mogende	mongende	mogende	1	singular
mogende	mogendede	mogende	2	singular
mogende	gemogende	mogende	2	singular
mogende	mogenden	mogende	1	singular
mogende	mozende	mogende	1	singular
mogende	mogente	mogende	1	singular
mogende	moggeende	mogende	2	singular
mogende	mogendeen	mogende	2	singular
mogende	mogene	mogende	1	singular
mogende	moygende	mogende	1	singular
mogende	mowende	mogende	1	singular
mogende	mogendee	mogende	1	singular
mogende	nogende	mogende	1	singular
missive	mifsive	missive	1	singular
missive	misfsive	missive	1	singular
missive	mislive	missive	1	singular
missive	miffive	missive	2	singular
missive	misfive	missive	1	singular
missive	miissive	missive	1	singular
missive	mifssive	missive	1	singular
missive	mistive	missive	1	singular
missive	misive	missive	1	singular
missive	misiive	missive	1	singular
missive	missiven	missiven	0	plural
missive	missie	missive	1	singular
missive	misslive	missive	1	singular
missive	vissive	missive	1	singular
missive	missivé	missive	1	singular
missive	milsive	missive	1	singular
missive	misve	missive	2	singular
missive	mssive	missive	1	singular
missive	mishve	missive	2	singular
missive	misssive	missive	1	singular
missive	missiwe	missive	1	singular
missive	missve	missive	1	singular
missive	mitsive	missive	1	singular
missive	wissive	missive	1	singular
missive	missives	missives	0	plural
missive	misjive	missive	1	singular
missive	msssive	missive	1	singular
missive	mvissive	missive	1	singular
missive	miisive	missive	1	singular
missive	missiye	missive	1	singular
missive	nlissive	missive	2	singular
missive	missivens	missiven	1	plural
missive	mwissive	missive	1	singular
missive	missire	missive	1	singular
missive	mistsive	missive	1	singular
missive	missiver	missive	1	singular
missive	mishive	missive	1	singular
missive	missivel	missive	1	singular
missive	wmissive	missive	1	singular
missive	missiva	missive	1	singular
missive	missite	missive	1	singular
missive	niissive	missive	2	singular
missive	missivc	missive	1	singular
missive	mlssive	missive	1	singular
resolutie	resojutie	resolutie	1	singular
resolutie	resolurie	resolutie	1	singular
resolutie	resolutien	resolutien	0	plural
resolutie	refolutie	resolutie	1	singular
resolutie	resolntie	resolutie	1	singular
resolutie	resolutievan	resolutien	2	plural
resolutie	resoljutie	resolutie	1	singular
resolutie	resotie	resolutie	2	singular
resolutie	resolurien	resolutien	1	plural
resolutie	resoiutie	resolutie	1	singular
resolutie	resolute	resolutie	1	singular
resolutie	resclutie	resolutie	1	singular
resolutie	resosutie	resolutie	1	singular
resolutie	solutie	resolutie	2	singular
resolutie	resulutie	resolutie	1	singular
resolutie	relolutie	resolutie	1	singular
resolutie	resoluties	resoluties	0	plural
resolutie	resoluiie	resolutie	1	singular
resolutie	resolutiem	resolutie	1	singular
resolutie	resotutie	resolutie	1	singular
resolutie	refolutien	resolutien	1	plural
resolutie	renovatie	resolutie	3	singular
resolutie	resoluie	resolutie	1	singular
resolutie	mogresolutie	resolutie	3	singular
houdende	roudende	houdende	1	singular
houdende	boudende	houdende	1	singular
houdende	hondende	houdende	1	singular
houdende	rboudende	houdende	2	singular
houdende	huudende	houdende	1	singular
houdende	housende	houdende	1	singular
houdende	houdeude	houdende	1	singular
houdende	foudende	houdende	1	singular
houdende	houdense	houdende	1	singular
houdende	houtende	houdende	1	singular
houdende	houuende	houdende	1	singular
houdende	oudende	houdende	1	singular
houdende	loudende	houdende	1	singular
houdende	heoudende	houdende	1	singular
houdende	hboudende	houdende	1	singular
houdende	lioudende	houdende	2	singular
houdende	rhoudende	houdende	1	singular
houdende	houcende	houdende	1	singular
houdende	hoadende	houdende	1	singular
houdende	heudende	houdende	1	singular
houdende	hhoudende	houdende	1	singular
voorschreve	voorschrceve	voorschreve	1	singular
voorschreve	voorfchreve	voorschreve	1	singular
voorschreve	voorschteeve	voorschreve	2	singular
voorschreve	voorfchreeve	voorschreve	2	singular
voorschreve	voorschteve	voorschreve	1	singular
voorschreve	woorschreeve	voorschreve	2	singular
voorschreve	voorlchreeve	voorschreve	2	singular
voorschreve	voorschrewe	voorschreve	1	singular
voorschreve	voorsehreve	voorschreve	1	singular
voorschreve	voorsehreeve	voorschreve	2	singular
voorschreve	voorschieeve	voorschreve	2	singular
voorschreve	yoorschreve	voorschreve	1	singular
voorschreve	voorichreeve	voorschreve	2	singular
voorschreve	voorichreve	voorschreve	1	singular
voorschreve	voorsclireeve	voorschreve	3	singular
voorschreve	voorschiteeve	voorschreve	3	singular
voorschreve	vooschreve	voorschreve	1	singular
voorschreve	voorchreve	voorschreve	1	singular
voorschreve	voorschrove	voorschreve	1	singular
voorschreve	vonrschreeve	voorschreve	2	singular
voorschreve	voorschrecve	voorschreve	1	singular
voorschreve	voorscheeve	voorschreve	1	singular
voorschreve	voorlchreve	voorschreve	1	singular
voorschreve	voorschrede	voorschreve	1	singular
voorschreve	voorschreewe	voorschreve	2	singular
voorschreve	voorschreye	voorschreve	1	singular
voorschreve	woorschreve	voorschreve	1	singular
voorschreve	voorscheve	voorschreve	1	singular
voorschreve	voorschrteeve	voorschreve	2	singular
voorschreve	voorschrerve	voorschreve	1	singular
requeste	requefte	requeste	1	singular
requeste	reqdueste	requeste	1	singular
requeste	redueste	requeste	1	singular
requeste	reqneste	requeste	1	singular
requeste	requesle	requeste	1	singular
requeste	redqueste	requeste	1	singular
requeste	requelte	requeste	1	singular
requeste	requeite	requeste	1	singular
requeste	reyueste	requeste	1	singular
requeste	requcste	requeste	1	singular
requeste	kequeste	requeste	1	singular
requeste	requesse	requeste	1	singular
requeste	reequeste	requeste	1	singular
requeste	reqveste	requeste	1	singular
requeste	regueste	requeste	1	singular
requeste	rcqueste	requeste	1	singular
requeste	reqteste	requeste	1	singular
requeste	request	requeste	1	singular
requeste	requesten	requesten	0	plural
requeste	queste	requeste	2	singular
requeste	reqieste	requeste	1	singular
requeste	reqeeste	requeste	1	singular
requeste	requesie	requeste	1	singular
requeste	reqaeste	requeste	1	singular
requeste	requette	requeste	1	singular
requeste	requsste	requeste	1	singular
requeste	reqgueste	requeste	1	singular
requeste	requrste	requeste	1	singular
requeste	requveste	requeste	1	singular
requeste	requieste	requeste	1	singular
requeste	requesté	requeste	1	singular
requeste	requesfe	requeste	1	singular
requeste	requesto	requeste	1	singular
requeste	rkequeste	requeste	1	singular
requeste	requesce	requeste	1	singular
requeste	requefste	requeste	1	singular
requeste	roqueste	requeste	1	singular
requeste	requester	requeste	1	singular
requeste	requoste	requeste	1	singular
requeste	requecste	requeste	1	singular
requeste	equeste	requeste	1	singular
requeste	reqeuste	requeste	2	singular
requeste	requeslte	requeste	1	singular
requeste	requelste	requeste	1	singular
requeste	requerte	requeste	1	singular
requeste	requteste	requeste	1	singular
requeste	renueste	requeste	1	singular
requeste	rrqueste	requeste	1	singular
requeste	reqoeste	requeste	1	singular
requeste	requeeste	requeste	1	singular
requeste	rqueste	requeste	1	singular
ontfangen	dontfangen	ontfangen	1	singular
ontfangen	doentfangen	ontfangen	2	singular
ontfangen	ontiangen	ontfangen	1	singular
ontfangen	ontlangen	ontfangen	1	singular
ontfangen	dentfangen	ontfangen	2	singular
ontfangen	doetfangen	ontfangen	2	singular
ontfangen	onstfangen	ontfangen	1	singular
ontfangen	ontifangen	ontfangen	1	singular
ontfangen	onntfangen	ontfangen	1	singular
ontfangen	ontfiangen	ontfangen	1	singular
ontfangen	onttfangen	ontfangen	1	singular
ontfangen	oentfangen	ontfangen	1	singular
ontfangen	cntfangen	ontfangen	1	singular
ontfangen	dntfangen	ontfangen	1	singular
ontfangen	ontfangeh	ontfangen	1	singular
ontfangen	antfangen	ontfangen	1	singular
ontfangen	ntfangen	ontfangen	1	singular
ontfangen	ontefangen	ontfangen	1	singular
ontfangen	iontfangen	ontfangen	1	singular
ontfangen	ontangen	ontfangen	1	singular
ontfangen	zontfangen	ontfangen	1	singular
ontfangen	onttangen	ontfangen	1	singular
ontfangen	ontfaugen	ontfangen	1	singular
ontfangen	jontfangen	ontfangen	1	singular
ontfangen	ontfingen	ontfangen	1	singular
ontfangen	ontflangen	ontfangen	1	singular
ontfangen	ostfangen	ontfangen	1	singular
ontfangen	oontfangen	ontfangen	1	singular
ontfangen	ontffangen	ontfangen	1	singular
ontfangen	aontfangen	ontfangen	1	singular
ontfangen	donntfangen	ontfangen	2	singular
ontfangen	otfangen	ontfangen	1	singular
ontfangen	ontfarigen	ontfangen	2	singular
ontfangen	oktfangen	ontfangen	1	singular
ontfangen	dontifangen	ontfangen	2	singular
ontfangen	geontfangen	ontfangen	2	singular
ontfangen	ontfaingen	ontfangen	1	singular
ontfangen	ontlfangen	ontfangen	1	singular
ontfangen	onrtfangen	ontfangen	1	singular
ontfangen	nifangen	ontfangen	2	singular
ontfangen	ontfargen	ontfangen	1	singular
ontfangen	ontfngen	ontfangen	1	singular
ontfangen	ontfungen	ontfangen	1	singular
ontfangen	ontfengen	ontfangen	1	singular
ontfangen	dotfangen	ontfangen	2	singular
ontfangen	sontfangen	ontfangen	1	singular
ontfangen	ontsangen	ontfangen	1	singular
ontfangen	okntfangen	ontfangen	1	singular
ontfangen	ontfanigen	ontfangen	1	singular
ontfangen	ontfanzen	ontfangen	1	singular
ontfangen	onfangen	ontfangen	1	singular
ontfangen	ontfsangen	ontfangen	1	singular
ontfangen	dostfangen	ontfangen	2	singular
ontfangen	doantfangen	ontfangen	2	singular
ontfangen	eontfangen	ontfangen	1	singular
ontfangen	outfangen	ontfangen	1	singular
ontfangen	detfangen	ontfangen	2	singular
ontfangen	ontfaiigen	ontfangen	2	singular
ontfangen	untfangen	ontfangen	1	singular
ontfangen	osntfangen	ontfangen	1	singular
ontfangen	ontfafigen	ontfangen	2	singular
ontfangen	ontitfangen	ontfangen	2	singular
ontfangen	ontfangeu	ontfangen	1	singular
ontfangen	tfangen	ontfangen	2	singular
ontfangen	onteangen	ontfangen	1	singular
ontfangen	oetfangen	ontfangen	1	singular
ontfangen	reontfangen	ontfangen	2	singular
ontfangen	ottfangen	ontfangen	1	singular
ontfangen	odontfangen	ontfangen	2	singular
ontfangen	verontfangen	ontfangen	3	singular
ontfangen	ortfangen	ontfangen	1	singular
ontfangen	fangen	ontfangen	3	singular
ontfangen	zntfangen	ontfangen	1	singular
ontfangen	dantfangen	ontfangen	2	singular
ontfangen	contfangen	ontfangen	1	singular
ontfangen	ontfan	ontfangen	3	singular
ontfangen	doytfangen	ontfangen	2	singular
ontfangen	ontfuangen	ontfangen	1	singular
ontfangen	ontfangan	ontfangen	1	singular
ontfangen	onifangen	ontfangen	1	singular
ontfangen	ontrangen	ontfangen	1	singular
gedelibereert	gedelibereerd	gedelibereert	1	singular
gedelibereert	gedelibereerdt	gedelibereert	1	singular
gedelibereert	gedelibercert	gedelibereert	1	singular
gedelibereert	gedeiibereert	gedelibereert	1	singular
gedelibereert	gedelibereent	gedelibereert	1	singular
gedelibereert	gedtelibereert	gedelibereert	1	singular
gedelibereert	gedelibeert	gedelibereert	2	singular
gedelibereert	gebelibereert	gedelibereert	1	singular
gedelibereert	gedclibereert	gedelibereert	1	singular
gedelibereert	gedelitereert	gedelibereert	1	singular
gedelibereert	gedelbereert	gedelibereert	1	singular
gedelibereert	gedelihereert	gedelibereert	1	singular
gedelibereert	gedcelibereert	gedelibereert	1	singular
gedelibereert	gedelipereert	gedelibereert	1	singular
gedelibereert	gedesibereert	gedelibereert	1	singular
gedelibereert	gedetibereert	gedelibereert	1	singular
gedelibereert	gedselibereert	gedelibereert	1	singular
gedelibereert	gedellbereert	gedelibereert	1	singular
gedelibereert	gedtlibereert	gedelibereert	1	singular
gedelibereert	gedelibereerr	gedelibereert	1	singular
gedelibereert	gedehbereert	gedelibereert	2	singular
gedelibereert	gedelibeteert	gedelibereert	1	singular
gedelibereert	gedeibereert	gedelibereert	1	singular
gedelibereert	gdelibereert	gedelibereert	1	singular
gedelibereert	gedelinereert	gedelibereert	1	singular
gedelibereert	gedenbereert	gedelibereert	2	singular
gedelibereert	gedelibereer	gedelibereert	1	singular
gedelibereert	gedefibereert	gedelibereert	1	singular
gedelibereert	gedelibereest	gedelibereert	1	singular
gedelibereert	gedelibereers	gedelibereert	1	singular
gedelibereert	gedehibereert	gedelibereert	1	singular
gedelibereert	gederibereert	gedelibereert	1	singular
gedelibereert	gzedelibereert	gedelibereert	1	singular
gedelibereert	libereert	gedelibereert	4	singular
gedelibereert	gedelibeneert	gedelibereert	1	singular
gedelibereert	gedeliberéert	gedelibereert	1	singular
gedelibereert	gedelibereernt	gedelibereert	1	singular
gedelibereert	gedelioereert	gedelibereert	1	singular
gedelibereert	gedelibeeert	gedelibereert	1	singular
gedelibereert	delibereert	gedelibereert	2	singular
gedelibereert	gedeliberoert	gedelibereert	1	singular
gedelibereert	zedelibereert	gedelibereert	1	singular
gedelibereert	gedelibereertr	gedelibereert	1	singular
gedelibereert	gedsclibereert	gedelibereert	2	singular
gedelibereert	gedelibereertt	gedelibereert	1	singular
gedelibereert	gedeslibereert	gedelibereert	1	singular
gedelibereert	gedeliberert	gedelibereert	1	singular
gedelibereert	gedelhibereert	gedelibereert	1	singular
gedelibereert	gcdelibereert	gedelibereert	1	singular
gedelibereert	gedelibereeit	gedelibereert	1	singular
gedelibereert	gedlelibereert	gedelibereert	1	singular
gedelibereert	gedelibeerert	gedelibereert	2	singular
gedelibereert	gcedelibereert	gedelibereert	1	singular
gedelibereert	gedeliberecrt	gedelibereert	1	singular
gedelibereert	gedelibéreert	gedelibereert	1	singular
gedelibereert	geselibereert	gedelibereert	1	singular
gedelibereert	gedelibereet	gedelibereert	1	singular
gedelibereert	gedelhbereert	gedelibereert	1	singular
gedelibereert	gedelidereert	gedelibereert	1	singular
gedelibereert	gedebereert	gedelibereert	2	singular
gedelibereert	gedelbbereert	gedelibereert	1	singular
gedelibereert	gedeltbereert	gedelibereert	1	singular
gedelibereert	gedelibereeirt	gedelibereert	1	singular
gedelibereert	gedeubereert	gedelibereert	2	singular
gedelibereert	gedelibergert	gedelibereert	1	singular
gedelibereert	gaedelibereert	gedelibereert	1	singular
gedelibereert	gedeilbereert	gedelibereert	2	singular
gedelibereert	gedslibereert	gedelibereert	1	singular
gedelibereert	gecelibereert	gedelibereert	1	singular
gedelibereert	ggedelibereert	gedelibereert	1	singular
gedelibereert	gepelibereert	gedelibereert	1	singular
gedelibereert	gedelibeveert	gedelibereert	1	singular
gedelibereert	lgedelibereert	gedelibereert	1	singular
gedelibereert	gesdelibereert	gedelibereert	1	singular
gedelibereert	gedelibereerde	gedelibereert	2	singular
gedelibereert	opgedelibereert	gedelibereert	2	singular
gedelibereert	gedelibereort	gedelibereert	1	singular
gedelibereert	gedelibreert	gedelibereert	1	singular
gedelibereert	gedelibereere	gedelibereert	1	singular
gedelibereert	gedelibefeert	gedelibereert	1	singular
gedelibereert	gedekbereert	gedelibereert	2	singular
gedelibereert	gedeliboreert	gedelibereert	1	singular
gedelibereert	gedelisereert	gedelibereert	1	singular
gedelibereert	gadelibereert	gedelibereert	1	singular
gedelibereert	geedelibereert	gedelibereert	1	singular
vergaderinge	vergadermge	vergaderinge	2	singular
vergaderinge	vergadering	vergaderinge	1	singular
vergaderinge	vergaderige	vergaderinge	1	singular
vergaderinge	vergideringe	vergaderinge	1	singular
vergaderinge	vergnderinge	vergaderinge	1	singular
vergaderinge	vergaderingh	vergaderinge	1	singular
vergaderinge	vergadetinge	vergaderinge	1	singular
vergaderinge	vergadernge	vergaderinge	1	singular
vergaderinge	verpaderinge	vergaderinge	1	singular
vergaderinge	vergaderinze	vergaderinge	1	singular
vergaderinge	vegaderinge	vergaderinge	1	singular
vergaderinge	vergadcringe	vergaderinge	1	singular
vergaderinge	vefgaderinge	vergaderinge	1	singular
vergaderinge	veraaderinge	vergaderinge	1	singular
vergaderinge	vvergaderinge	vergaderinge	1	singular
vergaderinge	vergaderimge	vergaderinge	1	singular
vergaderinge	vergaderinige	vergaderinge	1	singular
vergaderinge	vergadelinge	vergaderinge	1	singular
vergaderinge	verguderinge	vergaderinge	1	singular
vergaderinge	versaderinge	vergaderinge	1	singular
vergaderinge	vergadennge	vergaderinge	2	singular
vergaderinge	vetgaderinge	vergaderinge	1	singular
vergaderinge	vergaseringe	vergaderinge	1	singular
vergaderinge	mergaderinge	vergaderinge	1	singular
vergaderinge	vergaderingé	vergaderinge	1	singular
vergaderinge	vergadeiinge	vergaderinge	1	singular
vergaderinge	vergaderirge	vergaderinge	1	singular
vergaderinge	vergaleringe	vergaderinge	1	singular
vergaderinge	vergederinge	vergaderinge	1	singular
vergaderinge	vergaderiuge	vergaderinge	1	singular
vergaderinge	tervergaderinge	vergaderinge	3	singular
vergaderinge	verwaderinge	vergaderinge	1	singular
vergaderinge	vergadeninge	vergaderinge	1	singular
vergaderinge	vergagaderinge	vergaderinge	2	singular
vergaderinge	vergaceringe	vergaderinge	1	singular
vergaderinge	veryaderinge	vergaderinge	1	singular
vergaderinge	vergderinge	vergaderinge	1	singular
vergaderinge	vergader	vergaderinge	4	singular
vergaderinge	verzaderinge	vergaderinge	1	singular
vergaderinge	vergadeinge	vergaderinge	1	singular
vergaderinge	gaderinge	vergaderinge	3	singular
vergaderinge	vergadesinge	vergaderinge	1	singular
vergaderinge	vergadederinge	vergaderinge	2	singular
vergaderinge	vergaderinde	vergaderinge	1	singular
vergaderinge	vergaderingevan	vergaderingen	2	plural
vergaderinge	vergaringe	vergaderinge	2	singular
vergaderinge	aderinge	vergaderinge	4	singular
vergaderinge	vergadermg	vergaderinge	3	singular
vergaderinge	wergaderinge	vergaderinge	1	singular
vergaderinge	vergadringe	vergaderinge	1	singular
vergaderinge	vergaderin	vergaderinge	2	singular
vergaderinge	vergageringe	vergaderinge	1	singular
vergaderinge	verderinge	vergaderinge	2	singular
vergaderinge	veraderinge	vergaderinge	1	singular
vergaderinge	vergaeringe	vergaderinge	1	singular
vergaderinge	vergaderng	vergaderinge	2	singular
vergaderinge	vergaderinte	vergaderinge	1	singular
vergaderinge	vergaderinz	vergaderinge	2	singular
vergaderinge	vergadseringe	vergaderinge	1	singular
vergaderinge	vergaring	vergaderinge	3	singular
vergaderinge	vergadeainge	vergaderinge	1	singular
vergaderinge	vergadeting	vergaderinge	2	singular
vergaderinge	vergedering	vergaderinge	2	singular
vergaderinge	vergaderine	vergaderinge	1	singular
gemelde	opgemelde	gemelde	2	singular
gemelde	gemeide	gemelde	1	singular
gemelde	gemesde	gemelde	1	singular
gemelde	gemelte	gemelde	1	singular
gemelde	melde	gemelde	2	singular
verstaan	verftaan	verstaan	1	singular
verstaan	verslaan	verstaan	1	singular
verstaan	veritaan	verstaan	1	singular
verstaan	werstaan	verstaan	1	singular
verstaan	werstaen	verstaan	2	singular
verstaan	verltaan	verstaan	1	singular
verstaan	verstuan	verstaan	1	singular
verstaan	verstien	verstaan	2	singular
verstaan	verftaen	verstaan	2	singular
verstaan	verstaam	verstaan	1	singular
verstaan	verstaon	verstaan	1	singular
verstaan	verstian	verstaan	1	singular
verstaan	verstan	verstaan	1	singular
verstaan	yerstaan	verstaan	1	singular
verstaan	verstann	verstaan	1	singular
verstaan	verltaen	verstaan	2	singular
verstaan	terstaan	verstaan	1	singular
verstaan	enverstaan	verstaan	2	singular
verstaan	verslaen	verstaan	2	singular
verstaan	verttaan	verstaan	1	singular
verstaan	verscaan	verstaan	1	singular
verstaan	verstaun	verstaan	1	singular
verstaan	verstain	verstaan	1	singular
verstaan	versta	verstaan	2	singular
verstaan	vetstaen	verstaan	2	singular
verstaan	yerstaen	verstaan	2	singular
verstaan	veritaen	verstaan	2	singular
verstaan	vestaen	verstaan	2	singular
verstaan	versiaan	verstaan	1	singular
verstaan	vetstaan	verstaan	1	singular
verstaan	veraan	verstaan	2	singular
gedeputeerden	gedepueerden	gedeputeerden	1	plural
gedeputeerden	gedepureerden	gedeputeerden	1	plural
gedeputeerden	geputeerden	gedeputeerden	2	plural
gedeputeerden	gedeputeerdem	gedeputeerde	1	singular
gedeputeerden	gedeputeeerden	gedeputeerden	1	plural
gedeputeerden	gedeputeerdens	gedeputeerden	1	plural
gedeputeerden	deputeerden	gedeputeerden	2	plural
gedeputeerden	gesleputeerden	gedeputeerden	2	plural
gedeputeerden	gedepnteerden	gedeputeerden	1	plural
gedeputeerden	gedeputcerden	gedeputeerden	1	plural
gedeputeerden	gedeputeerdeu	gedeputeerde	1	singular
gedeputeerden	gedenuteerden	gedeputeerden	1	plural
gedeputeerden	mogedeputeerden	gedeputeerden	2	plural
gedeputeerden	gedeputerden	gedeputeerden	1	plural
gedeputeerden	puteerden	gedeputeerden	4	plural
gedeputeerden	gedeputeeren	gedeputeerden	1	plural
gedeputeerden	gedepuieerden	gedeputeerden	1	plural
gedeputeerden	moggedeputeerden	gedeputeerden	3	plural
gedeputeerden	geseputeerden	gedeputeerden	1	plural
gedeputeerden	gederuteerden	gedeputeerden	1	plural
gedeputeerden	gededuteerden	gedeputeerden	1	plural
gedeputeerden	gedeputee	gedeputeerde	3	singular
gedeputeerden	gedeputeer	gedeputeerde	2	singular
gedeputeerden	gedepateerden	gedeputeerden	1	plural
gedeputeerden	gedepuseerden	gedeputeerden	1	plural
gedeputeerden	gedeputeeden	gedeputeerden	1	plural
gedeputeerden	geleputeerden	gedeputeerden	1	plural
gedeputeerden	gedepeteerden	gedeputeerden	1	plural
gedeputeerden	gedeptteerden	gedeputeerden	1	plural
gedeputeerden	gedeyuteerden	gedeputeerden	1	plural
gedeputeerden	gedcputeerden	gedeputeerden	1	plural
gedeputeerden	gedeputeenden	gedeputeerden	1	plural
gedeputeerden	gedeputeersen	gedeputeerden	1	plural
gedeputeerden	cedeputeerden	gedeputeerden	1	plural
gedeputeerden	gedeputrerden	gedeputeerden	1	plural
gedeputeerden	gedepuleerden	gedeputeerden	1	plural
gedeputeerden	gedeputecrden	gedeputeerden	1	plural
gedeputeerden	gedeputoerden	gedeputeerden	1	plural
gedeputeerden	gedeputeerdentot	gedeputeerden	3	plural
gedeputeerden	gedepiteerden	gedeputeerden	1	plural
gedeputeerden	gedeputteerden	gedeputeerden	1	plural
gedeputeerden	gedeputesrden	gedeputeerden	1	plural
suppliant	suppiiant	suppliant	1	singular
suppliant	soppliant	suppliant	1	singular
suppliant	snppliant	suppliant	1	singular
suppliant	supplant	suppliant	1	singular
suppliant	suppliaut	suppliant	1	singular
suppliant	supphant	suppliant	2	singular
suppliant	seppliant	suppliant	1	singular
suppliant	supyliant	suppliant	1	singular
suppliant	sappliant	suppliant	1	singular
suppliant	sunpliant	suppliant	1	singular
suppliant	suppllant	suppliant	1	singular
suppliant	suppliantin	supplianten	1	plural
suppliant	suppliint	suppliant	1	singular
suppliant	surpliant	suppliant	1	singular
suppliant	suppliane	suppliant	1	singular
suppliant	supgliant	suppliant	1	singular
suppliant	stppliant	suppliant	1	singular
suppliant	supplinnt	suppliant	1	singular
suppliant	suppliante	suppliant	1	singular
suppliant	supliant	suppliant	1	singular
suppliant	suppsiant	suppliant	1	singular
suppliant	supypliant	suppliant	1	singular
suppliant	supplrant	suppliant	1	singular
suppliant	suppliantop	suppliant	2	singular
suppliant	supnliant	suppliant	1	singular
suppliant	suprliant	suppliant	1	singular
suppliant	supoliant	suppliant	1	singular
suppliant	suppliantte	suppliant	2	singular
suppliant	suppliiant	suppliant	1	singular
suppliant	suppiant	suppliant	1	singular
suppliant	suppliantde	suppliant	2	singular
suppliant	supplianttot	suppliant	3	singular
suppliant	suypliant	suppliant	1	singular
suppliant	suppliantvan	supplianten	2	plural
suppliant	pliant	suppliant	3	singular
suppliant	supplianr	suppliant	1	singular
suppliant	suppilant	suppliant	2	singular
suppliant	snpplianten	supplianten	1	plural
suppliant	souppliant	suppliant	1	singular
suppliant	suppliantsig	suppliants	2	plural
suppliant	supplianthet	supplianten	2	plural
suppliant	suppliantby	suppliant	2	singular
suppliant	supplhant	suppliant	1	singular
suppliant	suppliam	suppliant	2	singular
suppliant	sopplianten	supplianten	1	plural
suppliant	suppliantom	suppliant	2	singular
suppliant	suppliart	suppliant	1	singular
suppliant	bsuppliant	suppliant	1	singular
suppliant	suppliantem	supplianten	1	plural
suppliant	suoppliant	suppliant	1	singular
suppliant	suppliunt	suppliant	1	singular
suppliant	supplanten	supplianten	1	plural
suppliant	suppliantten	supplianten	1	plural
suppliant	snppliante	suppliant	2	singular
suppliant	suppgliant	suppliant	1	singular
suppliant	sippliant	suppliant	1	singular
suppliant	suppliantmet	supplianten	2	plural
loopende	lopende	loopende	1	singular
loopende	soopende	loopende	1	singular
loopende	toopende	loopende	1	singular
loopende	joopende	loopende	1	singular
loopende	loonende	loopende	1	singular
loopende	loopenie	loopende	1	singular
loopende	looopende	loopende	1	singular
loopende	luopende	loopende	1	singular
loopende	loopeude	loopende	1	singular
loopende	looponde	loopende	1	singular
loopende	loorende	loopende	1	singular
loopende	ioopende	loopende	1	singular
loopende	loopence	loopende	1	singular
loopende	loopense	loopende	1	singular
loopende	loopnede	loopende	2	singular
loopende	loogende	loopende	1	singular
loopende	looperde	loopende	1	singular
loopende	loepende	loopende	1	singular
loopende	oopende	loopende	1	singular
loopende	looende	loopende	1	singular
loopende	loodende	loopende	1	singular
loopende	locpende	loopende	1	singular
loopende	loopede	loopende	1	singular
loopende	lonpende	loopende	1	singular
loopende	lcopende	loopende	1	singular
loopende	lvopende	loopende	1	singular
loopende	loopend	loopende	1	singular
loopende	loupende	loopende	1	singular
loopende	opende	loopende	2	singular
loopende	loopen	loopende	2	singular
loopende	foopende	loopende	1	singular
loopende	loopenden	loopende	1	singular
loopende	loopendt	loopende	1	singular
loopende	koopende	loopende	1	singular
geschreven	geschteeven	geschreven	2	singular
geschreven	gefchreeven	geschreven	2	singular
geschreven	geschrceven	geschreven	1	singular
geschreven	geschreewen	geschreven	2	singular
geschreven	gesehreeven	geschreven	2	singular
geschreven	geschieeven	geschreven	2	singular
geschreven	gelchreeven	geschreven	2	singular
geschreven	geichreeven	geschreven	2	singular
geschreven	gefchreven	geschreven	1	singular
geschreven	geschrecven	geschreven	1	singular
geschreven	geschroeven	geschreven	1	singular
geschreven	geslchreeven	geschreven	2	singular
geschreven	geschreeyen	geschreven	2	singular
geschreven	geschteven	geschreven	1	singular
geschreven	gescnreeven	geschreven	2	singular
geschreven	gesehreven	geschreven	1	singular
geschreven	geichreven	geschreven	1	singular
geschreven	geschregven	geschreven	1	singular
geschreven	geschreeveu	geschreven	2	singular
geschreven	schreven	geschreven	2	singular
geschreven	geschreevn	geschreven	2	singular
geschreven	geschieven	geschreven	1	singular
geschreven	gescheeven	geschreven	1	singular
geschreven	geschrteeven	geschreven	2	singular
geschreven	geschrezven	geschreven	1	singular
geschreven	geschree	geschreven	2	singular
geschreven	geschreëven	geschreven	1	singular
geschreven	gesclireeven	geschreven	3	singular
geschreven	geschréeven	geschreven	1	singular
geschreven	gelchreven	geschreven	1	singular
geschreven	gesclireven	geschreven	2	singular
geschreven	geschreoven	geschreven	1	singular
geschreven	geschiteeven	geschreven	3	singular
geschreven	gechreeven	geschreven	2	singular
geschreven	geschreeren	geschreven	2	singular
geschreven	geischreeven	geschreven	2	singular
geschreven	schreeven	geschreven	3	singular
geschreven	gescheven	geschreven	1	singular
geschreven	geschreevem	geschreven	2	singular
geschreven	geschreeeven	geschreven	2	singular
geschreven	geschreceven	geschreven	2	singular
geschreven	getchreeven	geschreven	2	singular
geschreven	geschrewen	geschreven	1	singular
geschreven	gegeschreven	geschreven	2	singular
geschreven	geschreevente	geschreven	3	singular
geschreven	gesclhreeven	geschreven	2	singular
geschreven	geschroven	geschreven	1	singular
geschreven	geschreyen	geschreven	1	singular
geschreven	gechreven	geschreven	1	singular
geschreven	geschre	geschreven	3	singular
geschreven	geschiceven	geschreven	2	singular
geschreven	gefschreeven	geschreven	2	singular
geschreven	geschrevente	geschreven	2	singular
geschreven	geschreeve	geschreven	2	singular
geschreven	gheschreven	geschreven	1	singular
geschreven	geschreezen	geschreven	2	singular
geschreven	gesohreeven	geschreven	2	singular
geschreven	geschreein	geschreven	2	singular
voorschreeve	voorschteeve	voorschreeve	1	singular
voorschreeve	voorschrceve	voorschreeve	1	singular
voorschreeve	voorfchreeve	voorschreeve	1	singular
voorschreeve	voorfchreve	voorschreve	1	variant
voorschreeve	woorschreeve	voorschreeve	1	singular
voorschreeve	voorlchreeve	voorschreeve	1	singular
voorschreeve	voorschieeve	voorschreeve	1	singular
voorschreeve	voorsehreve	voorschreve	1	variant
voorschreeve	voorschrewe	voorschreve	1	variant
voorschreeve	voorichreeve	voorschreeve	1	singular
voorschreeve	voorschteve	voorschreve	1	variant
voorschreeve	voorsehreeve	voorschreeve	1	singular
voorschreeve	voorichreve	voorschreve	1	variant
voorschreeve	voorsclireeve	voorschreeve	2	singular
voorschreeve	vooschreve	voorschreve	1	variant
voorschreeve	yoorschreve	voorschreve	1	variant
voorschreeve	voorscheeve	voorschreeve	1	singular
voorschreeve	voorschiteeve	voorschreeve	2	singular
voorschreeve	voorchreve	voorschreve	1	variant
voorschreeve	voorschrove	voorschreve	1	variant
voorschreeve	voorschrecve	voorschreeve	1	singular
voorschreeve	schreeve	voorschreeve	4	singular
voorschreeve	voorlchreve	voorschreve	1	variant
voorschreeve	voorschrteeve	voorschreeve	1	singular
voorschreeve	voorschreewe	voorschreeve	1	singular
voorschreeve	vonrschreeve	voorschreeve	1	singular
voorschreeve	voorschreye	voorschreve	1	variant
voorschreeve	woorschreve	voorschreve	1	variant
voorschreeve	voorscheve	voorschreve	1	variant
voorschreeve	voorschrerve	voorschreeve	1	singular
voorschreeve	voorschreevé	voorschreeve	1	singular
voorschreeve	voorschieve	voorschreve	1	variant
voorschreeve	devoorschreeve	voorschreeve	2	singular
voorschreeve	voorschreev	voorschreeve	1	singular
voorschreeve	voorschreere	voorschreeve	1	singular
voorschreeve	voerschreeve	voorschreeve	1	singular
voorschreeve	vootschreeve	voorschreeve	1	singular
voorschreeve	voorschre	voorschreve	2	variant
voorschreeve	voorschrere	voorschreve	1	variant
voorschreeve	voorschrve	voorschreve	1	variant
voorschreeve	roorschreve	voorschreve	1	variant
voorschreeve	voorschreove	voorschreeve	1	singular
provincie	provintie	provincie	1	singular
provincie	prowincie	provincie	1	singular
provincie	provincien	provincien	0	plural
provincie	piovincie	provincie	1	singular
provincie	provineie	provincie	1	singular
provincie	provintien	provincien	1	plural
provincie	prowintie	provincie	2	singular
provincie	provircie	provincie	1	singular
provincie	provincte	provincie	1	singular
provincie	pruvincie	provincie	1	singular
provincie	provmcie	provincie	2	singular
provincie	frovincie	provincie	1	singular
provincie	proyincie	provincie	1	singular
provincie	provin	provincie	3	singular
provincie	pravincie	provincie	1	singular
provincie	prowincien	provincien	1	plural
provincie	pruvintie	provincie	2	singular
provincie	drovincie	provincie	1	singular
provincie	lrovincie	provincie	1	singular
provincie	previncie	provincie	1	singular
provincie	trovincie	provincie	1	singular
provincie	vincie	provincie	3	singular
provincie	provinsie	provincie	1	singular
provincie	provicie	provincie	1	singular
provincie	provmeie	provincie	3	singular
provincie	provincié	provincie	1	singular
provincie	provincië	provincie	1	singular
provincie	deprovincie	provincie	2	singular
provincie	provinciale	provincie	2	singular
provincie	provineien	provincien	1	plural
provincie	provincies	provincies	0	plural
provincie	proviucie	provincie	1	singular
provincie	prôvincie	provincie	1	singular
provincie	provinciem	provincie	1	singular
provincie	jrovincie	provincie	1	singular
provincie	rrovincie	provincie	1	singular
provincie	frovincien	provincien	1	plural
provincie	prorincie	provincie	1	singular
provincie	prouincie	provincie	1	singular
provincie	pruyvincie	provincie	2	singular
provincie	provinciaale	provincie	3	singular
provincie	ovincie	provincie	2	singular
provincie	provincievan	provincien	2	plural
provincie	provintiale	provincie	3	singular
provincie	provincia	provincie	1	singular
provincie	pravintie	provincie	2	singular
provincie	proviniie	provincie	1	singular
provincie	provinlie	provincie	1	singular
provincie	province	provincie	1	singular
provincie	rovincie	provincie	1	singular
provincie	provinie	provincie	1	singular
provincie	provmcien	provincien	2	plural
provincie	provingie	provincie	1	singular
provincie	prowvintie	provincie	2	singular
provincie	fruvincie	provincie	2	singular
provincie	pronincie	provincie	1	singular
gevallen	gevalien	gevallen	1	singular
gevallen	gevalen	gevallen	1	singular
gevallen	gevalten	gevallen	1	singular
gevallen	gevaslen	gevallen	1	singular
gevallen	gevailen	gevallen	1	singular
gevallen	gevalleu	gevallen	1	singular
gevallen	gevallens	gevallen	1	singular
gevallen	gewallen	gevallen	1	singular
gevallen	geyallen	gevallen	1	singular
gevallen	gevaller	gevallen	1	singular
gevallen	gevallem	gevallen	1	singular
gevallen	gevalsen	gevallen	1	singular
gevallen	geallen	gevallen	1	singular
gevallen	gerallen	gevallen	1	singular
gevallen	govallen	gevallen	1	singular
gevallen	gevaljen	gevallen	1	singular
gevallen	gevallene	gevallen	1	singular
gevallen	gevalfen	gevallen	1	singular
gevallen	vallen	gevallen	2	singular
gevallen	isgevallen	gevallen	2	singular
goedgevonden	goedtgevonden	goedgevonden	1	singular
goedgevonden	goergevonden	goedgevonden	1	singular
goedgevonden	goedgewonden	goedgevonden	1	singular
goedgevonden	goeugevonden	goedgevonden	1	singular
goedgevonden	gocdgevonden	goedgevonden	1	singular
goedgevonden	guedgevonden	goedgevonden	1	singular
goedgevonden	goedbevonden	goedgevonden	1	singular
goedgevonden	goedevonden	goedgevonden	1	singular
goedgevonden	goedrgevonden	goedgevonden	1	singular
goedgevonden	goedgoedgevonden	goedgevonden	4	singular
goedgevonden	goedtvonden	goedgevonden	2	singular
goedgevonden	geedgevonden	goedgevonden	1	singular
goedgevonden	gocdtgevonden	goedgevonden	2	singular
goedgevonden	goedgegevonden	goedgevonden	2	singular
goedgevonden	goetvonden	goedgevonden	3	singular
goedgevonden	vergevonden	goedgevonden	3	singular
goedgevonden	goedzevonden	goedgevonden	1	singular
goedgevonden	goedtgevon	goedgevonden	4	singular
goedgevonden	goedgevon	goedgevonden	3	singular
goedgevonden	goedtgevonde	goedgevonden	2	singular
goedgevonden	gcedgevonden	goedgevonden	1	singular
goedgevonden	goecgevonden	goedgevonden	1	singular
goedgevonden	goetgevon	goedgevonden	4	singular
goedgevonden	goedgevenden	goedgevonden	1	singular
goedgevonden	goedgevondem	goedgevonden	1	singular
goedgevonden	goedvonden	goedgevonden	2	singular
goedgevonden	goedgevonde	goedgevonden	1	singular
goedgevonden	poedgevonden	goedgevonden	1	singular
goedgevonden	goedgevonsen	goedgevonden	1	singular
goedgevonden	gnedgevonden	goedgevonden	1	singular
goedgevonden	goedlgevonden	goedgevonden	1	singular
goedgevonden	gordgevonden	goedgevonden	1	singular
goedgevonden	goedpevonden	goedgevonden	1	singular
goedgevonden	goedgevorden	goedgevonden	1	singular
goedgevonden	goedgevouden	goedgevonden	1	singular
goedgevonden	goedgevor	goedgevonden	4	singular
goedgevonden	goedgovonden	goedgevonden	1	singular
goedgevonden	goedwevonden	goedgevonden	1	singular
goedgevonden	goedgevond	goedgevonden	2	singular
goedgevonden	goctgevonden	goedgevonden	2	singular
goedgevonden	goedegevonden	goedgevonden	1	singular
goedgevonden	goedgevanden	goedgevonden	1	singular
goedgevonden	goedgevondenen	goedgevonden	2	singular
goedgevonden	goedgevondeu	goedgevonden	1	singular
goedgevonden	goedgeronden	goedgevonden	1	singular
goedgevonden	goetgevenden	goedgevonden	2	singular
goedgevonden	goedtgeronden	goedgevonden	2	singular
goedgevonden	goedgeyonden	goedgevonden	1	singular
goedgevonden	goedtgevondenm	goedgevonden	2	singular
goedgevonden	goodgevonden	goedgevonden	1	singular
goedgevonden	goetgevouden	goedgevonden	2	singular
goedgevonden	gegevonden	goedgevonden	2	singular
goedgevonden	goetgewonden	goedgevonden	2	singular
goedgevonden	goetgevonde	goedgevonden	2	singular
goedgevonden	goetgegevonden	goedgevonden	3	singular
goedgevonden	goedtgevenden	goedgevonden	2	singular
goedgevonden	goetdgevonden	goedgevonden	1	singular
goedgevonden	gevonden	goedgevonden	4	singular
goedgevonden	goetrgevonden	goedgevonden	2	singular
goedgevonden	goedtgewonden	goedgevonden	2	singular
goedgevonden	sgevonden	goedgevonden	4	singular
goedgevonden	goegevonden	goedgevonden	1	singular
goedgevonden	gordtgevonden	goedgevonden	2	singular
goedgevonden	dgevonden	goedgevonden	3	singular
goedgevonden	goesgevonden	goedgevonden	1	singular
goedgevonden	goengevonden	goedgevonden	1	singular
goedgevonden	goetgevondem	goedgevonden	2	singular
goedgevonden	goetgeyonden	goedgevonden	2	singular
goedgevonden	goedgevoncen	goedgevonden	1	singular
goedgevonden	goetgevondenen	goedgevonden	3	singular
goedgevonden	regevonden	goedgevonden	3	singular
goedgevonden	goetgeonden	goedgevonden	2	singular
goedgevonden	goedtgvonden	goedgevonden	2	singular
goedgevonden	lgevonden	goedgevonden	4	singular
advertentie	advertenties	advertenties	0	plural
advertentie	advertente	advertentie	1	singular
advertentie	advertende	advertentie	2	singular
advertentie	adverientie	advertentie	1	singular
advertentie	adverrentie	advertentie	1	singular
advertentie	adwertentie	advertentie	1	singular
advertentie	udvertentie	advertentie	1	singular
advertentie	advertentieee	advertentie	2	singular
advertentie	advertentiedd	advertentie	2	singular
advertentie	advertenite	advertentie	2	singular
advertentie	advententie	advertentie	1	singular
advertentie	advettentie	advertentie	1	singular
advertentie	advertenhe	advertentie	2	singular
advertentie	advertentieoo	advertentie	2	singular
advertentie	advertie	advertentie	3	singular
advertentie	advertentic	advertentie	1	singular
advertentie	adyertentie	advertentie	1	singular
advertentie	advertentieaar	advertentie	3	singular
advertentie	advertentiede	advertentie	2	singular
advertentie	advertenfie	advertentie	1	singular
advertentie	advertenrie	advertentie	1	singular
advertentie	advertenie	advertentie	1	singular
advertentie	advertentiet	advertentie	1	singular
advertentie	avertentie	advertentie	1	singular
advertentie	alvertentie	advertentie	1	singular
advertentie	advertenue	advertentie	2	singular
advertentie	advertentue	advertentie	1	singular
advertentie	vertentie	advertentie	2	singular
advertentie	adverentie	advertentie	1	singular
advertentie	adtertentie	advertentie	1	singular
advertentie	advertentieé	advertentie	1	singular
advertentie	dvertentie	advertentie	1	singular
advertentie	advertenti	advertentie	1	singular
advertentie	adverteutie	advertentie	1	singular
advertentie	advertenne	advertentie	2	singular
advertentie	adverten	advertentie	3	singular
advertentie	adverteniie	advertentie	1	singular
advertentie	adtentie	advertentie	3	singular
extraordinaris	extraordmaris	extraordinaris	2	singular
extraordinaris	estraordinaris	extraordinaris	1	singular
extraordinaris	cxtraordinaris	extraordinaris	1	singular
extraordinaris	exrraordinaris	extraordinaris	1	singular
extraordinaris	extaordinaris	extraordinaris	1	singular
extraordinaris	extraerdinaris	extraordinaris	1	singular
extraordinaris	extraordinars	extraordinaris	1	singular
extraordinaris	exiraordinaris	extraordinaris	1	singular
extraordinaris	eztraordinaris	extraordinaris	1	singular
extraordinaris	entraordinaris	extraordinaris	1	singular
extraordinaris	extrordinaris	extraordinaris	1	singular
extraordinaris	ezxtraordinaris	extraordinaris	1	singular
extraordinaris	extranrdinaris	extraordinaris	1	singular
extraordinaris	exttraordinaris	extraordinaris	1	singular
extraordinaris	extraordinatis	extraordinaris	1	singular
extraordinaris	extraordinuris	extraordinaris	1	singular
extraordinaris	extrdordinaris	extraordinaris	1	singular
extraordinaris	eutraordinaris	extraordinaris	1	singular
extraordinaris	extraordiaris	extraordinaris	1	singular
extraordinaris	extraoidinaris	extraordinaris	1	singular
extraordinaris	esxtraordinaris	extraordinaris	1	singular
extraordinaris	extraordin	extraordinaris	4	singular
extraordinaris	cextraordinaris	extraordinaris	1	singular
extraordinaris	extraordinavis	extraordinaris	1	singular
extraordinaris	traordinaris	extraordinaris	2	singular
extraordinaris	extiaordinaris	extraordinaris	1	singular
extraordinaris	exraordinaris	extraordinaris	1	singular
extraordinaris	exntraordinaris	extraordinaris	1	singular
extraordinaris	exttaordinaris	extraordinaris	1	singular
extraordinaris	extraordiparis	extraordinaris	1	singular
extraordinaris	exstraordinaris	extraordinaris	1	singular
extraordinaris	extraordinarise	extraordinaris	1	singular
extraordinaris	extraordiuaris	extraordinaris	1	singular
extraordinaris	extraordinanis	extraordinaris	1	singular
extraordinaris	extraorainaris	extraordinaris	1	singular
extraordinaris	extraardinaris	extraordinaris	1	singular
extraordinaris	extraordindris	extraordinaris	1	singular
extraordinaris	extrasrdinaris	extraordinaris	1	singular
extraordinaris	extrrordinaris	extraordinaris	1	singular
extraordinaris	extradinaris	extraordinaris	2	singular
extraordinaris	exsraordinaris	extraordinaris	1	singular
extraordinaris	extruordinaris	extraordinaris	1	singular
extraordinaris	emtraordinaris	extraordinaris	1	singular
extraordinaris	extraordinarit	extraordinaris	1	singular
extraordinaris	extraordinariss	extraordinaris	1	singular
extraordinaris	oxtraordinaris	extraordinaris	1	singular
extraordinaris	eextraordinaris	extraordinaris	1	singular
extraordinaris	extraordineris	extraordinaris	1	singular
extraordinaris	extraordinaiis	extraordinaris	1	singular
extraordinaris	extraodinaris	extraordinaris	1	singular
extraordinaris	extravrdinaris	extraordinaris	1	singular
extraordinaris	extraordimaris	extraordinaris	1	singular
extraordinaris	extracrdinaris	extraordinaris	1	singular
extraordinaris	extraoradinaris	extraordinaris	1	singular
extraordinaris	extraurdinaris	extraordinaris	1	singular
extraordinaris	extraordinari	extraordinaris	1	singular
extraordinaris	extrayrdinaris	extraordinaris	1	singular
extraordinaris	extradordinaris	extraordinaris	1	singular
extraordinaris	extraordinasis	extraordinaris	1	singular
extraordinaris	extraordinoris	extraordinaris	1	singular
extraordinaris	eytraordinaris	extraordinaris	1	singular
extraordinaris	extriordinaris	extraordinaris	1	singular
extraordinaris	extraordmnaris	extraordinaris	1	singular
extraordinaris	extraordinaais	extraordinaris	1	singular
extraordinaris	exitraordinaris	extraordinaris	1	singular
extraordinaris	extraordinans	extraordinaris	2	singular
extraordinaris	ertraordinaris	extraordinaris	1	singular
extraordinaris	enxtraordinaris	extraordinaris	1	singular
extraordinaris	mogextraordinaris	extraordinaris	3	singular
extraordinaris	extrraordinaris	extraordinaris	1	singular
extraordinaris	extraordinadis	extraordinaris	1	singular
extraordinaris	extraordinarist	extraordinaris	1	singular
extraordinaris	ektraordinaris	extraordinaris	1	singular
extraordinaris	extraordinarts	extraordinaris	1	singular
extraordinaris	raordinaris	extraordinaris	3	singular
extraordinaris	extraoruinaris	extraordinaris	1	singular
extraordinaris	extraordinaire	extraordinaris	3	singular
extraordinaris	extrauvrdinaris	extraordinaris	2	singular
extraordinaris	extraordina	extraordinaris	3	singular
extraordinaris	evtraordinaris	extraordinaris	1	singular
extraordinaris	ewtraordinaris	extraordinaris	1	singular
extraordinaris	eatraordinaris	extraordinaris	1	singular
extraordinaris	extraotdinaris	extraordinaris	1	singular
extraordinaris	extrardinaris	extraordinaris	1	singular
extraordinaris	extraordnaris	extraordinaris	1	singular
extraordinaris	esttraordinaris	extraordinaris	2	singular
extraordinaris	extradiornaris	extraordinaris	4	singular
extraordinaris	extraordinarss	extraordinaris	1	singular
extraordinaris	exwaordinaris	extraordinaris	2	singular
extraordinaris	extragrdinaris	extraordinaris	1	singular
supplianten	suppliantem	supplianten	1	plural
supplianten	suppliante	suppliant	1	singular
supplianten	suppliantenm	supplianten	1	plural
supplianten	supplanten	supplianten	1	plural
supplianten	sopplianten	supplianten	1	plural
supplianten	snpplianten	supplianten	1	plural
supplianten	suppiianten	supplianten	1	plural
supplianten	surplianten	supplianten	1	plural
supplianten	suppllanten	supplianten	1	plural
supplianten	suppliauten	supplianten	1	plural
supplianten	supylianten	supplianten	1	plural
supplianten	supnlianten	supplianten	1	plural
supplianten	supplianren	supplianten	1	plural
supplianten	sapplianten	supplianten	1	plural
supplianten	supphanten	supplianten	2	plural
supplianten	suppsianten	supplianten	1	plural
supplianten	supglianten	supplianten	1	plural
supplianten	sunplianten	supplianten	1	plural
supplianten	suppilanten	supplianten	2	plural
supplianten	supyplianten	supplianten	1	plural
supplianten	suplianten	supplianten	1	plural
supplianten	stpplianten	supplianten	1	plural
supplianten	snppliante	suppliant	2	singular
supplianten	supplianteu	supplianten	1	plural
supplianten	sepplianten	supplianten	1	plural
supplianten	suppliinten	supplianten	1	plural
supplianten	supplianen	supplianten	1	plural
supplianten	suppliantes	supplianten	1	plural
supplianten	supplianien	supplianten	1	plural
supplianten	supplienten	supplianten	1	plural
supplianten	suprlianten	supplianten	1	plural
supplianten	suppliantens	supplianten	1	plural
supplianten	suppianten	supplianten	1	plural
supplianten	supplian	suppliant	1	singular
gelieven	geliefden	gelieven	2	singular
gelieven	gesieven	gelieven	1	singular
gelieven	gclieven	gelieven	1	singular
gelieven	gelicven	gelieven	1	singular
gelieven	golieven	gelieven	1	singular
gelieven	gelleven	gelieven	1	singular
gelieven	geiieven	gelieven	1	singular
gelieven	geleven	gelieven	1	singular
gelieven	believen	gelieven	1	singular
gelieven	gelieyen	gelieven	1	singular
gelieven	gelieve	gelieven	1	singular
gelieven	getieven	gelieven	1	singular
gelieven	geliewen	gelieven	1	singular
gelieven	gelievon	gelieven	1	singular
gelieven	gelievente	gelieven	2	singular
gelieven	geliesden	gelieven	2	singular
gelieven	geieven	gelieven	1	singular
gelieven	gegelieven	gelieven	2	singular
gelieven	gefieven	gelieven	1	singular
gelieven	gejieven	gelieven	1	singular
gelieven	geslieven	gelieven	1	singular
gelieven	gelievem	gelieven	1	singular
gelieven	lieven	gelieven	2	singular
gelieven	gcelieven	gelieven	1	singular
gelieven	gzelieven	gelieven	1	singular
gelieven	gelteven	gelieven	1	singular
gelieven	gelieren	gelieven	1	singular
twintighsten	twintigsten	twintighsten	1	singular
twintighsten	twintighiten	twintighsten	1	singular
twintighsten	dertighsten	twintighsten	4	singular
twintighsten	twintighstenm	twintighsten	1	singular
twintighsten	twintighstem	twintighsten	1	singular
twintighsten	twintighften	twintighsten	1	singular
twintighsten	twinrighsten	twintighsten	1	singular
twintighsten	twintighssen	twintighsten	1	singular
twintighsten	twintighisten	twintighsten	1	singular
twintighsten	twinghsten	twintighsten	2	singular
twintighsten	twintlghsten	twintighsten	1	singular
twintighsten	tighsten	twintighsten	4	singular
twintighsten	twintigbsten	twintighsten	1	singular
twintighsten	twintiglisten	twintighsten	2	singular
twintighsten	twintighsien	twintighsten	1	singular
twintighsten	twintghsten	twintighsten	1	singular
twintighsten	twintighsteu	twintighsten	1	singular
twintighsten	wintighsten	twintighsten	1	singular
twintighsten	tintighsten	twintighsten	1	singular
twintighsten	twintighslen	twintighsten	1	singular
twintighsten	twintignsten	twintighsten	1	singular
twintighsten	twintighen	twintighsten	2	singular
twintighsten	iwintighsten	twintighsten	1	singular
twintighsten	twincighsten	twintighsten	1	singular
twintighsten	twintighden	twintighsten	2	singular
twintighsten	tuintighsten	twintighsten	1	singular
twintighsten	twintighsiten	twintighsten	1	singular
twintighsten	twintightten	twintighsten	1	singular
twintighsten	twinughsten	twintighsten	2	singular
twintighsten	twintightien	twintighsten	2	singular
twintighsten	twiutighsten	twintighsten	1	singular
twintighsten	twinsten	twintighsten	4	singular
twintighsten	zwintighsten	twintighsten	1	singular
twintighsten	twintighstden	twintighsten	1	singular
twintighsten	twintighten	twintighsten	1	singular
twintighsten	twintigiten	twintighsten	2	singular
twintighsten	entwintighsten	twintighsten	2	singular
twintighsten	twintighston	twintighsten	1	singular
twintighsten	twintighstender	twintighsten	3	singular
twintighsten	twintinghsten	twintighsten	1	singular
deselve	dezelve	deselve	1	singular
deselve	defelve	deselve	1	singular
deselve	desclve	deselve	1	singular
deselve	selve	deselve	2	singular
deselve	deselven	deselve	1	singular
deselve	delelve	deselve	1	singular
deselve	dezelven	deselve	2	singular
deselve	deselfde	deselve	2	singular
honderd	honderdt	honderd	1	singular
honderd	bonderd	honderd	1	singular
honderd	honderc	honderd	1	singular
honderd	henderd	honderd	1	singular
honderd	ronderd	honderd	1	singular
honderd	houderd	honderd	1	singular
honderd	rondert	honderd	2	singular
honderd	hondett	honderd	2	singular
honderd	hondeid	honderd	1	singular
honderd	hondeit	honderd	2	singular
honderd	honder	honderd	1	singular
honderd	hendert	honderd	2	singular
honderd	honderde	honderd	1	singular
honderd	hondetd	honderd	1	singular
honderd	honderr	honderd	1	singular
honderd	bondert	honderd	2	singular
honderd	hondend	honderd	1	singular
honderd	hondere	honderd	1	singular
honderd	hunderd	honderd	1	singular
honderd	hondent	honderd	2	singular
honderd	houdert	honderd	2	singular
honderd	honderu	honderd	1	singular
honderd	rbonderd	honderd	2	singular
honderd	hondertt	honderd	2	singular
honderd	honde	honderd	2	singular
honderd	honders	honderd	1	singular
honderd	lionderd	honderd	2	singular
honderd	honserd	honderd	1	singular
hondert	honderdt	hondert	1	singular
hondert	honderc	hondert	1	singular
hondert	bonderd	hondert	2	singular
hondert	rondert	hondert	1	singular
hondert	hondeit	hondert	1	singular
hondert	hondett	hondert	1	singular
hondert	hendert	hondert	1	singular
hondert	honderr	hondert	1	singular
hondert	honder	hondert	1	singular
hondert	hondere	hondert	1	singular
hondert	hondeid	hondert	2	singular
hondert	houderd	hondert	2	singular
hondert	honderde	hondert	2	singular
hondert	ronderd	hondert	2	singular
hondert	henderd	hondert	2	singular
hondert	houdert	hondert	1	singular
hondert	bondert	hondert	1	singular
hondert	hondetd	hondert	2	singular
hondert	hondertt	hondert	1	singular
hondert	hunderd	hondert	2	singular
hondert	hondent	hondert	1	singular
hondert	honde	hondert	2	singular
hondert	hondend	hondert	2	singular
hondert	honderu	hondert	1	singular
hondert	honders	hondert	1	singular
hondert	honserd	hondert	2	singular
guldens	guidens	guldens	1	plural
guldens	gnldens	guldens	1	plural
guldens	gulden	gulden	0	singular
guldens	gusdens	guldens	1	plural
guldens	gulgens	guldens	1	plural
guldens	wuldens	guldens	1	plural
guldens	gulders	guldens	1	plural
guldens	guldeus	guldens	1	plural
guldens	geldens	guldens	1	plural
hebbende	hebhende	hebbende	1	singular
hebbende	hehbende	hebbende	1	singular
hebbende	bebbende	hebbende	1	singular
hebbende	hebben	hebbende	2	singular
hebbende	heboende	hebbende	1	singular
hebbende	hebbend	hebbende	1	singular
hebbende	hebbense	hebbende	1	singular
hebbende	hobbende	hebbende	1	singular
hebbende	liebbende	hebbende	2	singular
hebbende	hebende	hebbende	1	singular
hebbende	rebbende	hebbende	1	singular
rapport	rappert	rapport	1	singular
rapport	ranport	rapport	1	singular
rapport	ropport	rapport	1	singular
rapport	apport	rapport	1	singular
rapport	rappor	rapport	1	singular
rapport	fapport	rapport	1	singular
rapport	rappott	rapport	1	singular
rapport	rapporr	rapport	1	singular
rapport	tapport	rapport	1	singular
rapport	rappont	rapport	1	singular
rapport	repport	rapport	1	singular
rapport	rappoit	rapport	1	singular
rapport	rupport	rapport	1	singular
rapport	rapnort	rapport	1	singular
rapport	rappost	rapport	1	singular
rapport	raprort	rapport	1	singular
rapport	sapport	rapport	1	singular
rapport	rapporten	rapporten	0	plural
rapport	raport	rapport	1	singular
rapport	rapportte	rapport	2	singular
versoeckende	verzoeckende	versoeckende	1	singular
versoeckende	versoekende	versoeckende	1	singular
versoeckende	versoeekende	versoeckende	1	singular
versoeckende	verzoekende	versoeckende	2	singular
versoeckende	verfoeckende	versoeckende	1	singular
versoeckende	verloeckende	versoeckende	1	singular
versoeckende	versoeeckende	versoeckende	1	singular
versoeckende	versockende	versoeckende	1	singular
versoeckende	verzoeekende	versoeckende	2	singular
versoeckende	wersoeckende	versoeckende	1	singular
versoeckende	versocckende	versoeckende	1	singular
versoeckende	verfoekende	versoeckende	2	singular
versoeckende	vetsoeckende	versoeckende	1	singular
versoeckende	verloekende	versoeckende	2	singular
versoeckende	wersoekende	versoeckende	2	singular
versoeckende	verroekende	versoeckende	2	singular
versoeckende	verzockende	versoeckende	2	singular
versoeckende	versoeckense	versoeckende	1	singular
versoeckende	verhoopende	versoeckende	4	singular
versoeckende	werzoekende	versoeckende	3	singular
versoeckende	soeckende	versoeckende	3	singular
versoeckende	versoeckendeden	versoeckende	3	singular
versoeckende	versaeckende	versoeckende	1	singular
versoeckende	vertoekende	versoeckende	2	singular
versoeckende	verseekerende	versoeckende	4	singular
versoeckende	verzoeeckende	versoeckende	2	singular
versoeckende	yersoeckende	versoeckende	1	singular
versoeckende	versorckende	versoeckende	1	singular
versoeckende	versoeokende	versoeckende	1	singular
versoeckende	versoekendeden	versoeckende	4	singular
versoeckende	vertoeckende	versoeckende	1	singular
versoeckende	versoerkende	versoeckende	1	singular
versoeckende	verfsoeckende	versoeckende	1	singular
versoeckende	versoeckeude	versoeckende	1	singular
versoeckende	versaekende	versoeckende	2	singular
versoeckende	verscekende	versoeckende	2	singular
versoeckende	vermeenende	versoeckende	4	singular
versoeckende	vesoeckende	versoeckende	1	singular
versoeckende	vermeynende	versoeckende	4	singular
versoeckende	verfsoekende	versoeckende	2	singular
versoeckende	versoecckende	versoeckende	1	singular
versoeckende	versoeker	versoeckende	4	singular
versoeckende	verseeckerende	versoeckende	3	singular
versoeckende	verseeckeren	versoeckende	4	singular
versoeckende	vessoeckende	versoeckende	1	singular
versoeckende	werzoeckende	versoeckende	2	singular
versoeckende	versoekendede	versoeckende	3	singular
versoeckende	verseeckende	versoeckende	1	singular
majesteyt	majesteit	majesteyt	1	singular
majesteyt	mijesteyt	majesteyt	1	singular
majesteyt	maiesteyt	majesteyt	1	singular
majesteyt	majestevt	majesteyt	1	singular
majesteyt	maijesteyt	majesteyt	1	singular
majesteyt	majefteyt	majesteyt	1	singular
majesteyt	majesteyten	majesteyten	0	plural
majesteyt	majesteyr	majesteyt	1	singular
majesteyt	maujesteyt	majesteyt	1	singular
majesteyt	mujesteyt	majesteyt	1	singular
majesteyt	miajesteyt	majesteyt	1	singular
majesteyt	mayjesteyt	majesteyt	1	singular
majesteyt	masesteyt	majesteyt	1	singular
majesteyt	majestert	majesteyt	1	singular
majesteyt	maiesteit	majesteyt	2	singular
majesteyt	majesleyt	majesteyt	1	singular
majesteyt	mojesteyt	majesteyt	1	singular
majesteyt	majesteytden	majesteyten	1	plural
majesteyt	majestyt	majesteyt	1	singular
majesteyt	mijesteit	majesteyt	2	singular
majesteyt	majsteyt	majesteyt	1	singular
majesteyt	majesteye	majesteyt	1	singular
majesteyt	majesteyts	majesteyt	1	singular
majesteyt	majefteit	majesteyt	2	singular
majesteyt	majelteyt	majesteyt	1	singular
majesteyt	majestelt	majesteyt	1	singular
majesteyt	majesieyt	majesteyt	1	singular
majesteyt	majesteytvan	majesteyten	2	plural
majesteyt	jesteyt	majesteyt	2	singular
majesteyt	malesteyt	majesteyt	1	singular
majesteyt	majcsteyt	majesteyt	1	singular
majesteyt	majestey	majesteyt	1	singular
majesteyt	majestoyt	majesteyt	1	singular
majesteyt	mayesteyt	majesteyt	1	singular
majesteyt	masteyt	majesteyt	2	singular
majesteyt	majesteir	majesteyt	2	singular
majesteyt	majesteits	majesteyt	2	singular
majesteyt	majesseyt	majesteyt	1	singular
majesteyt	vajesteyt	majesteyt	1	singular
majesteyt	mojesteit	majesteyt	2	singular
majesteyt	jesteit	majesteyt	3	singular
majesteyt	majest	majesteyt	3	singular
majesteyt	maijesteyts	majesteyt	2	singular
majesteyt	majestet	majesteyt	1	singular
majesteyt	mejesteyt	majesteyt	1	singular
majesteyt	majesteytr	majesteyt	1	singular
majesteyt	esteyt	majesteyt	3	singular
majesteyt	majesteiten	majesteyten	1	plural
majesteyt	majelteit	majesteyt	2	singular
majesteyt	majesteytde	majesteyt	2	singular
majesteyt	majefsteyt	majesteyt	1	singular
majesteyt	mujesteit	majesteyt	2	singular
majesteyt	majjesteyt	majesteyt	1	singular
majesteyt	masesteit	majesteyt	2	singular
majesteyt	majesteytrs	majesteyt	2	singular
majesteyt	maijesteit	majesteyt	2	singular
majesteyt	moijesteit	majesteyt	3	singular
majesteyt	masjesteyt	majesteyt	1	singular
gesonden	gezonden	gesonden	1	singular
gesonden	gefonden	gesonden	1	singular
gesonden	gelonden	gesonden	1	singular
gesonden	gesanden	gesonden	1	singular
gesonden	gesondem	gesonden	1	singular
gesonden	geronden	gesonden	1	singular
gesonden	gesonsen	gesonden	1	singular
gesonden	getonden	gesonden	1	singular
gesonden	gesunden	gesonden	1	singular
gesonden	afgesonden	gesonden	2	singular
gesonden	gesouden	gesonden	1	singular
gesonden	ingesonden	gesonden	2	singular
gesonden	versonden	gesonden	2	singular
gesonden	nagesonden	gesonden	2	singular
geschreeven	geschteeven	geschreeven	1	singular
geschreeven	gefchreeven	geschreeven	1	singular
geschreeven	geschrceven	geschreeven	1	singular
geschreeven	geschreewen	geschreeven	1	singular
geschreeven	gesehreeven	geschreeven	1	singular
geschreeven	geschieeven	geschreeven	1	singular
geschreeven	gelchreeven	geschreeven	1	singular
geschreeven	geichreeven	geschreeven	1	singular
geschreeven	geschroeven	geschreeven	1	singular
geschreeven	geschrecven	geschreeven	1	singular
geschreeven	gefchreven	geschreven	1	variant
geschreeven	geslchreeven	geschreeven	1	singular
geschreeven	gescnreeven	geschreeven	1	singular
geschreeven	geschreeyen	geschreeven	1	singular
geschreeven	gesehreven	geschreven	1	variant
geschreeven	geschregven	geschreeven	1	singular
geschreeven	geschteven	geschreven	1	variant
geschreeven	geichreven	geschreven	1	variant
geschreeven	geschreeveu	geschreeven	1	singular
geschreeven	gescheeven	geschreeven	1	singular
geschreeven	geschrteeven	geschreeven	1	singular
geschreeven	schreven	geschreven	2	variant
geschreeven	geschreevn	geschreeven	1	singular
geschreeven	geschieven	geschreven	1	variant
geschreeven	geschrezven	geschreeven	1	singular
geschreeven	gesclireeven	geschreeven	2	singular
geschreeven	geschreoven	geschreeven	1	singular
geschreeven	geschreëven	geschreeven	1	singular
geschreeven	geschréeven	geschreeven	1	singular
geschreeven	gechreeven	geschreeven	1	singular
geschreeven	geschree	geschreven	2	variant
geschreeven	geschiteeven	geschreeven	2	singular
geschreeven	gelchreven	geschreven	1	variant
geschreeven	geschreeren	geschreeven	1	singular
geschreeven	schreeven	geschreeven	2	singular
geschreeven	geschreevem	geschreeven	1	singular
geschreeven	gesclireven	geschreven	2	variant
geschreeven	getchreeven	geschreeven	1	singular
geschreeven	geischreeven	geschreeven	1	singular
geschreeven	geschreeeven	geschreeven	1	singular
geschreeven	geschreceven	geschreeven	1	singular
geschreeven	geschreevente	geschreeven	2	singular
geschreeven	geschrewen	geschreven	1	variant
geschreeven	gegeschreven	geschreven	2	variant
geschreeven	gesclhreeven	geschreeven	1	singular
geschreeven	gescheven	geschreven	1	variant
geschreeven	geschroven	geschreven	1	variant
geschreeven	geschiceven	geschreeven	2	singular
geschreeven	gefschreeven	geschreeven	1	singular
geschreeven	geschreyen	geschreven	1	variant
geschreeven	gechreven	geschreven	1	variant
geschreeven	geschrevente	geschreven	2	variant
geschreeven	geschreeve	geschreeven	1	singular
geschreeven	gesohreeven	geschreeven	1	singular
geschreeven	geschreezen	geschreeven	1	singular
geschreeven	gheschreven	geschreven	1	variant
geschreeven	geschreein	geschreeven	2	singular
geschreeven	geschrevene	geschreven	1	variant
geschreeven	gejchreeven	geschreeven	1	singular
verstaen	verftaan	verstaen	2	singular
verstaen	verslaan	verstaen	2	singular
verstaen	veritaan	verstaen	2	singular
verstaen	werstaen	verstaen	1	singular
verstaen	werstaan	verstaen	2	singular
verstaen	verltaan	verstaen	2	singular
verstaen	verftaen	verstaen	1	singular
verstaen	verstien	verstaen	1	singular
verstaen	verstuan	verstaen	2	singular
verstaen	verstaam	verstaen	2	singular
verstaen	verstaon	verstaen	1	singular
verstaen	verstan	verstaen	1	singular
verstaen	verltaen	verstaen	1	singular
verstaen	verstian	verstaen	2	singular
verstaen	yerstaan	verstaen	2	singular
verstaen	verstann	verstaen	1	singular
verstaen	verslaen	verstaen	1	singular
verstaen	versta	verstaen	2	singular
verstaen	terstaan	verstaen	2	singular
verstaen	verttaan	verstaen	2	singular
verstaen	verscaan	verstaen	2	singular
verstaen	vetstaen	verstaen	1	singular
verstaen	verstaun	verstaen	1	singular
verstaen	yerstaen	verstaen	1	singular
verstaen	verstain	verstaen	1	singular
verstaen	veritaen	verstaen	1	singular
verstaen	enverstaen	verstaen	2	singular
verstaen	vestaen	verstaen	1	singular
verstaen	versiaan	verstaen	2	singular
verstaen	vetstaan	verstaen	2	singular
goetgevonden	goedtgevonden	goetgevonden	1	singular
goetgevonden	goergevonden	goetgevonden	1	singular
goetgevonden	goedrgevonden	goedgevonden	1	variant
goetgevonden	goetvonden	goetgevonden	2	singular
goetgevonden	goedevonden	goedgevonden	1	variant
goetgevonden	goedgewonden	goedgevonden	1	variant
goetgevonden	goedtvonden	goedgevonden	2	variant
goetgevonden	gocdtgevonden	goetgevonden	2	singular
goetgevonden	guedgevonden	goedgevonden	1	variant
goetgevonden	goedtgevonde	goetgevonden	2	singular
goetgevonden	gocdgevonden	goedgevonden	1	variant
goetgevonden	goetgevon	goetgevonden	3	singular
goetgevonden	goeugevonden	goetgevonden	1	singular
goetgevonden	goedtgevon	goetgevonden	4	singular
goetgevonden	goedbevonden	goedgevonden	1	variant
goetgevonden	geedgevonden	goedgevonden	1	variant
goetgevonden	gcedgevonden	goedgevonden	1	variant
goetgevonden	goctgevonden	goetgevonden	1	singular
goetgevonden	goetgevenden	goetgevonden	1	singular
goetgevonden	goedgevonde	goedgevonden	1	variant
goetgevonden	goecgevonden	goetgevonden	1	singular
goetgevonden	vergevonden	goetgevonden	3	singular
goetgevonden	goedvonden	goedgevonden	2	variant
goetgevonden	goedgegevonden	goedgevonden	2	variant
goetgevonden	goetgegevonden	goetgevonden	2	singular
goetgevonden	gordtgevonden	goetgevonden	2	singular
goetgevonden	goedtgevondenm	goetgevonden	2	singular
goetgevonden	goetgevouden	goetgevonden	1	singular
goetgevonden	goetgevonde	goetgevonden	1	singular
goetgevonden	goedzevonden	goedgevonden	1	variant
goetgevonden	goedgevenden	goedgevonden	1	variant
goetgevonden	goedtgeronden	goetgevonden	2	singular
goetgevonden	poedgevonden	goedgevonden	1	variant
goetgevonden	goedgevondem	goedgevonden	1	variant
goetgevonden	goedgevon	goedgevonden	3	variant
goetgevonden	goedlgevonden	goedgevonden	1	variant
goetgevonden	goedegevonden	goedgevonden	1	variant
goetgevonden	gnedgevonden	goedgevonden	1	variant
goetgevonden	gegevonden	goetgevonden	2	singular
goetgevonden	goedgovonden	goedgevonden	1	variant
goetgevonden	goedpevonden	goedgevonden	1	variant
goetgevonden	goedwevonden	goedgevonden	1	variant
goetgevonden	goetgewonden	goetgevonden	1	singular
goetgevonden	goetdgevonden	goetgevonden	1	singular
goetgevonden	gordgevonden	goedgevonden	1	variant
goetgevonden	goedtgevenden	goetgevonden	2	singular
goetgevonden	goedgevondeu	goedgevonden	1	variant
goetgevonden	goedtgewonden	goetgevonden	2	singular
goetgevonden	goedgevanden	goedgevonden	1	variant
goetgevonden	goetrgevonden	goetgevonden	1	singular
goetgevonden	goedgevonsen	goedgevonden	1	variant
goetgevonden	goedgeronden	goedgevonden	1	variant
goetgevonden	goedgevond	goedgevonden	2	variant
goetgevonden	goedgevorden	goedgevonden	1	variant
goetgevonden	goedgevondenen	goedgevonden	2	variant
goetgevonden	goedgeyonden	goedgevonden	1	variant
goetgevonden	goedgevouden	goedgevonden	1	variant
goetgevonden	goegevonden	goetgevonden	1	singular
goetgevonden	goodgevonden	goedgevonden	1	variant
goetgevonden	goetgeonden	goetgevonden	1	singular
goetgevonden	goetgeyonden	goetgevonden	1	singular
goetgevonden	gevonden	goetgevonden	4	singular
goetgevonden	goetgevondenen	goetgevonden	2	singular
goetgevonden	dgevonden	goedgevonden	3	variant
goetgevonden	goesgevonden	goetgevonden	1	singular
goetgevonden	goetgevondenende	goetgevonden	4	singular
goetgevonden	goetgevondem	goetgevonden	1	singular
goetgevonden	goedtgvonden	goetgevonden	2	singular
goetgevonden	goengevonden	goetgevonden	1	singular
goetgevonden	regevonden	goetgevonden	3	singular
goetgevonden	goedgevoncen	goedgevonden	1	variant
goetgevonden	sgevonden	goetgevonden	4	singular
goetgevonden	lgevonden	goetgevonden	4	singular
gevolge	gewolge	gevolge	1	singular
gevolge	geyolge	gevolge	1	singular
gevolge	gevoige	gevolge	1	singular
gevolge	gegevolge	gevolge	2	singular
gevolge	gevolze	gevolge	1	singular
gevolge	gevoge	gevolge	1	singular
gevolge	ingevolge	gevolge	2	singular
gevolge	volge	gevolge	2	singular
gevolge	gevolgeen	gevolgen	1	plural
gevolge	gevolve	gevolge	1	singular
gevolge	gevalle	gevolge	2	singular
voornoemde	voornoemden	voornoemden	0	plural
voornoemde	voorhoemde	voornoemde	1	singular
voornoemde	voornoemt	voornoemde	2	singular
voornoemde	voorseyde	voornoemde	3	singular
voornoemde	woornoemde	voornoemde	1	singular
voornoemde	voornoemd	voornoemde	1	singular
voornoemde	voornoenden	voornoemden	1	plural
gemelden	gemesden	gemelden	1	singular
gemelden	gemeiden	gemelden	1	singular
gemelden	opgemelden	gemelden	2	singular
gemelden	gemeden	gemelden	1	singular
gemelden	gemeldenm	gemelden	1	singular
gemelden	gemeldem	gemelden	1	singular
gemelden	gemelten	gemelden	1	singular
gemelden	geinelden	gemelden	2	singular
gemelden	genielden	gemelden	2	singular
gecommitteerden	gecommiteerden	gecommitteerden	1	plural
gecommitteerden	gecommirteerden	gecommitteerden	1	plural
gecommitteerden	gecommitreerden	gecommitteerden	1	plural
gecommitteerden	gecommitterden	gecommitteerden	1	plural
gecommitteerden	geeommitteerden	gecommitteerden	1	plural
gecommitteerden	gecommitteerdens	gecommitteerden	1	plural
gecommitteerden	gecommitteer	gecommitteerde	2	singular
gecommitteerden	geconimitteerden	gecommitteerden	2	plural
gecommitteerden	gecommitteerdem	gecommitteerde	1	singular
gecommitteerden	gecommilteerden	gecommitteerden	1	plural
gecommitteerden	gecomimitteerden	gecommitteerden	1	plural
gecommitteerden	gecommitieerden	gecommitteerden	1	plural
gecommitteerden	gecomnitteerden	gecommitteerden	1	plural
gecommitteerden	geommitteerden	gecommitteerden	1	plural
gecommitteerden	gecommutteerden	gecommitteerden	1	plural
gecommitteerden	gecommitteerdenm	gecommitteerden	1	plural
gecommitteerden	gecommiltteerden	gecommitteerden	1	plural
gecommitteerden	gecominitteerden	gecommitteerden	2	plural
gecommitteerden	gecommtteerden	gecommitteerden	1	plural
gecommitteerden	gecomniitteerden	gecommitteerden	2	plural
gecommitteerden	gecommicteerden	gecommitteerden	1	plural
gecommitteerden	gecommiiteerden	gecommitteerden	1	plural
gecommitteerden	mitteerden	gecommitteerden	5	plural
gecommitteerden	gecommittcerden	gecommitteerden	1	plural
gecommitteerden	getommitteerden	gecommitteerden	1	plural
gecommitteerden	gecommisteerden	gecommitteerden	1	plural
gecommitteerden	geconmitteerden	gecommitteerden	1	plural
gecommitteerden	gecommitteeden	gecommitteerden	1	plural
gecommitteerden	geecommitteerden	gecommitteerden	1	plural
gecommitteerden	gecommittteerden	gecommitteerden	1	plural
gecommitteerden	gecommitteeerden	gecommitteerden	1	plural
gecommitteerden	gecomitteerden	gecommitteerden	1	plural
gecommitteerden	cecommitteerden	gecommitteerden	1	plural
gecommitteerden	gecommitrteerden	gecommitteerden	1	plural
gecommitteerden	gecommiitteerden	gecommitteerden	1	plural
gecommitteerden	geccommitteerden	gecommitteerden	1	plural
gecommitteerden	gectommitteerden	gecommitteerden	1	plural
gecommitteerden	committeerden	gecommitteerden	2	plural
gecommitteerden	gccommitteerden	gecommitteerden	1	plural
gecommitteerden	gecemmitteerden	gecommitteerden	1	plural
gecommitteerden	gecommittecrden	gecommitteerden	1	plural
gecommitteerden	gecommitteetden	gecommitteerden	1	plural
gecommitteerden	geconmmitteerden	gecommitteerden	1	plural
gecommitteerden	gecommitden	gecommitteerden	4	plural
gecommitteerden	gecommitte	gecommitteerde	4	singular
gecommitteerden	gecommnitteerden	gecommitteerden	1	plural
gecommitteerden	gecommitteerdenuyt	gecommitteerden	3	plural
gecommitteerden	gecommitteerdenuit	gecommitteerden	3	plural
gecommitteerden	gecommistteerden	gecommitteerden	1	plural
gecommitteerden	gecommitreerdens	gecommitteerden	2	plural
gecommitteerden	gecummitteerden	gecommitteerden	1	plural
gecommitteerden	gecommitfeerden	gecommitteerden	1	plural
gecommitteerden	gecommitteerde	gecommitteerde	0	singular
gecommitteerden	gecommiteeerden	gecommitteerden	1	plural
gecommitteerden	gedeptteerden	gecommitteerden	5	plural
gecommitteerden	gecommitieerdens	gecommitteerden	2	plural
gecommitteerden	gecommitteert	gecommitteerde	2	singular
gecommitteerden	gecommirtteerden	gecommitteerden	1	plural
gecommitteerden	gecommitieerde	gecommitteerde	1	singular
gecommitteerden	geeommitteerdens	gecommitteerden	2	plural
geresumeert	gerelumeert	geresumeert	1	singular
geresumeert	gerefumeert	geresumeert	1	singular
geresumeert	gereslumeert	geresumeert	1	singular
geresumeert	gereiumeert	geresumeert	1	singular
geresumeert	getesumeert	geresumeert	1	singular
geresumeert	gerestmeert	geresumeert	1	singular
geresumeert	geresuimeert	geresumeert	1	singular
geresumeert	gerestimeert	geresumeert	2	singular
geresumeert	geresumeent	geresumeert	1	singular
geresumeert	geresumeerr	geresumeert	1	singular
geresumeert	geresuineert	geresumeert	2	singular
geresumeert	geresameert	geresumeert	1	singular
geresumeert	geresumeere	geresumeert	1	singular
geresumeert	geresumeerten	geresumeert	2	singular
geresumeert	resumeert	geresumeert	2	singular
geresumeert	geresiimeert	geresumeert	2	singular
geresumeert	geretumeert	geresumeert	1	singular
geresumeert	geresumeer	geresumeert	1	singular
geresumeert	geresfumeert	geresumeert	1	singular
geresumeert	geresumeerty	geresumeert	1	singular
geresumeert	geresimeert	geresumeert	1	singular
geresumeert	geresuieert	geresumeert	1	singular
geresumeert	geresemeert	geresumeert	1	singular
geresumeert	gercsumeert	geresumeert	1	singular
geresumeert	geresumeeit	geresumeert	1	singular
geresumeert	geresumeertr	geresumeert	1	singular
geresumeert	geresiumeert	geresumeert	1	singular
geresumeert	gearesteert	geresumeert	3	singular
geresumeert	gerésumeert	geresumeert	1	singular
geresumeert	geëeximeert	geresumeert	3	singular
collegie	coliegie	collegie	1	singular
collegie	coilegie	collegie	1	singular
collegie	collegte	collegie	1	singular
collegie	coslegie	collegie	1	singular
collegie	gollegie	collegie	1	singular
collegie	coillegie	collegie	1	singular
collegie	collezie	collegie	1	singular
collegie	colsegie	collegie	1	singular
collegie	collogie	collegie	1	singular
collegie	coltegie	collegie	1	singular
collegie	colegie	collegie	1	singular
collegie	cossegie	collegie	2	singular
collegie	coljegie	collegie	1	singular
collegie	cullegie	collegie	1	singular
collegie	colfegie	collegie	1	singular
collegie	cosllegie	collegie	1	singular
collegie	college	collegie	1	singular
collegie	collegié	collegie	1	singular
collegie	coullegie	collegie	1	singular
collegie	collegis	collegie	1	singular
collegie	colslegie	collegie	1	singular
collegie	cellegie	collegie	1	singular
collegie	coslsegie	collegie	2	singular
collegie	collegic	collegie	1	singular
collegie	colllegie	collegie	1	singular
collegie	collgie	collegie	1	singular
collegie	collsegie	collegie	1	singular
collegie	collegien	collegien	0	plural
collegie	colssegie	collegie	2	singular
collegie	collegië	collegie	1	singular
collegie	codegie	collegie	2	singular
collegie	codlegie	collegie	1	singular
collegie	colleg	collegie	2	singular
collegie	coilegien	collegien	1	plural
collegie	collegienm	collegien	1	plural
collegie	coljegien	collegien	1	plural
collegie	collegiem	collegie	1	singular
collegie	coliegien	collegien	1	plural
collegie	gollegien	collegien	1	plural
collegie	colegien	collegien	1	plural
collegie	collezien	collegien	1	plural
staaten	staten	staaten	1	plural
staaten	staaren	staaten	1	plural
staaten	siaaten	staaten	1	plural
staaten	sraaten	staaten	1	plural
staaten	straaten	staaten	1	plural
staaten	staatem	staaten	1	plural
staaten	staatren	staaten	1	plural
staaten	stanten	staaten	1	plural
staaten	sitaaten	staaten	1	plural
staaten	staatenm	staaten	1	plural
staaten	scaaten	staaten	1	plural
staaten	staalen	staaten	1	plural
staaten	stadten	staaten	1	plural
staaten	ssaaten	staaten	1	plural
staaten	staaton	staaten	1	plural
staaten	stauten	staaten	1	plural
staaten	staateu	staaten	1	plural
staaten	saaten	staaten	1	plural
staaten	stasten	staaten	1	plural
staaten	staaien	staaten	1	plural
staaten	slaaten	staaten	1	plural
staaten	stuaten	staaten	1	plural
staaten	statem	staaten	2	plural
staaten	sfaaten	staaten	1	plural
staaten	staren	staaten	2	plural
staaten	sstaaten	staaten	1	plural
staaten	stater	staaten	2	plural
staaten	staaden	staaten	1	plural
staaten	aaten	staaten	2	plural
staaten	tanten	staaten	2	plural
gelesen	geleezen	gelesen	2	singular
gelesen	geleelen	gelesen	2	singular
gelesen	gelelen	gelesen	1	singular
gelesen	gelezen	gelesen	1	singular
gelesen	geseesen	gelesen	2	singular
gelesen	geleefen	gelesen	2	singular
gelesen	gelcesen	gelesen	1	singular
gelesen	gelefen	gelesen	1	singular
gelesen	geleien	gelesen	1	singular
gelesen	gesesen	gelesen	1	singular
gelesen	gelcsen	gelesen	1	singular
gelesen	geleslen	gelesen	1	singular
gelesen	gesleesen	gelesen	2	singular
gelesen	gclesen	gelesen	1	singular
gelesen	gcleesen	gelesen	2	singular
gelesen	geleson	gelesen	1	singular
gelesen	geleeslen	gelesen	2	singular
gelesen	geleeten	gelesen	2	singular
gelesen	gelecsen	gelesen	1	singular
gelesen	gelecesen	gelesen	2	singular
gelesen	gelesien	gelesen	1	singular
gelesen	gcelesen	gelesen	1	singular
gelesen	geleeren	gelesen	2	singular
gelesen	geleefsen	gelesen	2	singular
gelesen	geteesen	gelesen	2	singular
gelesen	geleczen	gelesen	2	singular
gelesen	geselen	gelesen	2	singular
gelesen	gelcelen	gelesen	2	singular
gelesen	geltesen	gelesen	1	singular
gelesen	geslesen	gelesen	1	singular
gelesen	gelefsen	gelesen	1	singular
gelesen	geleelsen	gelesen	2	singular
gelesen	geleten	gelesen	1	singular
gelesen	geleeson	gelesen	2	singular
gelesen	gelersen	gelesen	1	singular
gelesen	geloesen	gelesen	1	singular
gelesen	geleecsen	gelesen	2	singular
gelesen	geieesen	gelesen	2	singular
gelesen	gescesen	gelesen	2	singular
gelesen	geleeien	gelesen	2	singular
gelesen	gelcezen	gelesen	2	singular
gelesen	geiesen	gelesen	1	singular
gelesen	gelezsen	gelesen	1	singular
gelesen	gelee	gelesen	2	singular
gelesen	gelcien	gelesen	2	singular
gelesen	gelecien	gelesen	2	singular
gelesen	gelelsen	gelesen	1	singular
gelesen	geleesien	gelesen	2	singular
gelesen	gelecten	gelesen	2	singular
generaal	generael	generaal	1	singular
generaal	gereraal	generaal	1	singular
generaal	gencraal	generaal	1	singular
generaal	generacl	generaal	1	singular
generaal	general	generaal	1	singular
generaal	generaell	generaal	2	singular
generaal	generanl	generaal	1	singular
generaal	gencrael	generaal	2	singular
generaal	geheraal	generaal	1	singular
generaal	genetael	generaal	2	singular
generaal	neraal	generaal	2	singular
generaal	genetaal	generaal	1	singular
generaal	generaals	generaals	0	plural
generaal	genernal	generaal	1	singular
generaal	generaat	generaal	1	singular
volgens	wolgens	volgens	1	singular
pasport	paspoort	pasport	1	singular
pasport	pafport	pasport	1	singular
pasport	palport	pasport	1	singular
pasport	paspont	pasport	1	singular
pasport	pasporten	pasporten	0	plural
pasport	pusport	pasport	1	singular
pasport	paiport	pasport	1	singular
pasport	paeport	pasport	1	singular
pasport	lasport	pasport	1	singular
pasport	fasport	pasport	1	singular
pasport	paspore	pasport	1	singular
pasport	asport	pasport	1	singular
pasport	pasporr	pasport	1	singular
pasport	paspor	pasport	1	singular
pasport	paspoit	pasport	1	singular
pasport	paspott	pasport	1	singular
pasport	pasportem	pasporten	1	plural
pasport	parport	pasport	1	singular
pasport	palsport	pasport	1	singular
goederen	geederen	goederen	1	singular
goederen	goedeten	goederen	1	singular
voldoeninge	voldoening	voldoeninge	1	singular
voldoeninge	voldoeningevan	voldoeninge	3	singular
voldoeninge	woldoeninge	voldoeninge	1	singular
voldoeninge	veldoeninge	voldoeninge	1	singular
voldoeninge	voldoenmge	voldoeninge	2	singular
voldoeninge	voldoeningh	voldoeninge	1	singular
voldoeninge	voldueninge	voldoeninge	1	singular
voldoeninge	yoldoeninge	voldoeninge	1	singular
voldoeninge	voldeeninge	voldoeninge	1	singular
voldoeninge	voloeninge	voldoeninge	1	singular
voldoeninge	doeninge	voldoeninge	3	singular
voldoeninge	vodoeninge	voldoeninge	1	singular
voldoeninge	voldoeniinge	voldoeninge	1	singular
voldoeninge	voldoenige	voldoeninge	1	singular
voldoeninge	voldoenin	voldoeninge	2	singular
voldoeninge	volcoeninge	voldoeninge	1	singular
voldoeninge	totvoldoeninge	voldoeninge	3	singular
voldoeninge	voldoeuinge	voldoeninge	1	singular
voldoeninge	vordoeninge	voldoeninge	1	singular
voldoeninge	voldoeringe	voldoeninge	1	singular
voldoeninge	voldoehinge	voldoeninge	1	singular
voldoeninge	voldoedinge	voldoeninge	1	singular
voldoeninge	voidoeninge	voldoeninge	1	singular
voldoeninge	voldoeningeaan	voldoeninge	3	singular
voldoeninge	vcldoeninge	voldoeninge	1	singular
voldoeninge	vwoldoeninge	voldoeninge	1	singular
voldoeninge	voldoennge	voldoeninge	1	singular
voldoeninge	volvoering	voldoeninge	3	singular
geweest	geweelt	geweest	1	singular
geweest	geweeft	geweest	1	singular
geweest	gewecst	geweest	1	singular
geweest	weest	geweest	2	singular
deliberatie	deliberarie	deliberatie	1	singular
deliberatie	deliberaie	deliberatie	1	singular
deliberatie	dehberatie	deliberatie	2	singular
deliberatie	liberatie	deliberatie	2	singular
deliberatie	deiiberatie	deliberatie	1	singular
deliberatie	deliberatien	deliberatien	0	plural
deliberatie	desiberatie	deliberatie	1	singular
deliberatie	deiberatie	deliberatie	1	singular
deliberatie	deliberatic	deliberatie	1	singular
deliberatie	deliheratie	deliberatie	1	singular
deliberatie	deliberat	deliberatie	2	singular
deliberatie	delibera	deliberatie	3	singular
deliberatie	deliberatiem	deliberatie	1	singular
deliberatie	deliperatie	deliberatie	1	singular
deliberatie	deliberarien	deliberatien	1	plural
amsterdam	rotterdam	amsterdam	3	singular
amsterdam	amiterdam	amsterdam	1	singular
amsterdam	amfterdam	amsterdam	1	singular
amsterdam	ainsterdam	amsterdam	2	singular
amsterdam	amsierdam	amsterdam	1	singular
amsterdam	amsterdain	amsterdam	2	singular
amsterdam	anisterdam	amsterdam	2	singular
amsterdam	amsterdem	amsterdam	1	singular
amsterdam	amslerdam	amsterdam	1	singular
amsterdam	amisterdam	amsterdam	1	singular
amsterdam	rorterdam	amsterdam	3	singular
amsterdam	anssterdam	amsterdam	2	singular
amsterdam	sterdam	amsterdam	2	singular
amsterdam	amsteldam	amsterdam	1	singular
amsterdam	terdam	amsterdam	3	singular
amsterdam	kotterdam	amsterdam	3	singular
amsterdam	amssterdam	amsterdam	1	singular
geleesen	geleezen	geleesen	1	singular
geleesen	geleelen	geleesen	1	singular
geleesen	gelezen	gelesen	1	variant
geleesen	geleefen	geleesen	1	singular
geleesen	geseesen	geleesen	1	singular
geleesen	gelelen	gelesen	1	variant
geleesen	gelcesen	geleesen	1	singular
geleesen	geseezen	geleesen	2	singular
geleesen	geleien	gelesen	1	variant
geleesen	gelefen	gelesen	1	variant
geleesen	gesleesen	geleesen	1	singular
geleesen	gcleesen	geleesen	1	singular
geleesen	geleeslen	geleesen	1	singular
geleesen	gesesen	gelesen	1	variant
geleesen	geleeren	geleesen	1	singular
geleesen	geleeten	geleesen	1	singular
geleesen	gelecsen	geleesen	1	singular
geleesen	gelecesen	geleesen	1	singular
geleesen	gelcsen	gelesen	1	variant
geleesen	geleslen	gelesen	1	variant
geleesen	geleczen	geleesen	2	singular
geleesen	gesleezen	geleesen	2	singular
geleesen	gclesen	gelesen	1	variant
geleesen	geteesen	geleesen	1	singular
geleesen	geleson	gelesen	1	variant
geleesen	geleefsen	geleesen	1	singular
geleesen	geseelen	geleesen	2	singular
geleesen	gelesien	gelesen	1	variant
geleesen	geleelsen	geleesen	1	singular
geleesen	geleeson	geleesen	1	singular
geleesen	gelcelen	geleesen	2	singular
geleesen	geltesen	geleesen	1	singular
geleesen	gcelesen	gelesen	1	variant
geleesen	gelcezen	geleesen	2	singular
geleesen	geseefen	geleesen	2	singular
geleesen	gelersen	geleesen	1	singular
geleesen	geslesen	gelesen	1	variant
geleesen	gelefsen	geleesen	1	singular
geleesen	geloesen	geleesen	1	singular
geleesen	geleecsen	geleesen	1	singular
geleesen	geieesen	geleesen	1	singular
geleesen	gescesen	geleesen	2	singular
geleesen	gesleelen	geleesen	2	singular
geleesen	geleeien	geleesen	1	singular
geleesen	geleten	gelesen	1	variant
geleesen	gelezsen	geleesen	1	singular
geleesen	geiesen	gelesen	1	variant
geleesen	gelecien	geleesen	2	singular
geleesen	geleesien	geleesen	1	singular
geleesen	gelecten	geleesen	2	singular
geleesen	gelelsen	geleesen	1	singular
geaddresseert	geaddresleert	geaddresseert	1	singular
geaddresseert	geaddresscert	geaddresseert	1	singular
geaddresseert	geaddtesseert	geaddresseert	1	singular
geaddresseert	geaddrefseert	geaddresseert	1	singular
geaddresseert	genddresseert	geaddresseert	1	singular
geaddresseert	geaddresieert	geaddresseert	1	singular
geaddresseert	geaddiesseert	geaddresseert	1	singular
geaddresseert	geaddtresseert	geaddresseert	1	singular
geaddresseert	geaddresseerd	geaddresseert	1	singular
geaddresseert	geaddresteert	geaddresseert	1	singular
geaddresseert	geacdresseert	geaddresseert	1	singular
geaddresseert	geaddresfeert	geaddresseert	1	singular
geaddresseert	geadresseert	geaddresseert	1	singular
geaddresseert	geaddressleert	geaddresseert	1	singular
geaddresseert	geaduresseert	geaddresseert	1	singular
geaddresseert	geadddresseert	geaddresseert	1	singular
geaddresseert	dresseert	geaddresseert	4	singular
geaddresseert	addresseert	geaddresseert	2	singular
geaddresseert	geaudresseert	geaddresseert	1	singular
geaddresseert	geaddreslseert	geaddresseert	1	singular
geaddresseert	geaddressert	geaddresseert	1	singular
geaddresseert	geaddresseerr	geaddresseert	1	singular
geaddresseert	geaddreffeert	geaddresseert	2	singular
geaddresseert	addresseeren	geaddresseert	4	singular
geaddresseert	geaddresseertaan	geaddresseert	3	singular
geaddresseert	geaddrefsseert	geaddresseert	1	singular
geaddresseert	geaddrelseert	geaddresseert	1	singular
geaddresseert	geaddreesseert	geaddresseert	1	singular
geaddresseert	geadviseert	geaddresseert	4	singular
geaddresseert	geadcresseert	geaddresseert	1	singular
geaddresseert	geadadresseert	geaddresseert	1	singular
geaddresseert	geaddesseert	geaddresseert	1	singular
gedeputeerde	gedeputeerae	gedeputeerde	1	singular
gedeputeerde	gedepuieerde	gedeputeerde	1	singular
gedeputeerde	gedepureerde	gedeputeerde	1	singular
gedeputeerde	gedeputcerde	gedeputeerde	1	singular
gedeputeerde	gedeputeorde	gedeputeerde	1	singular
gedeputeerde	gedepuseerde	gedeputeerde	1	singular
gedeputeerde	gedepuleerde	gedeputeerde	1	singular
gedeputeerde	gedeputecrde	gedeputeerde	1	singular
gedeputeerde	gedepateerde	gedeputeerde	1	singular
gedeputeerde	gedevuteerde	gedeputeerde	1	singular
gedeputeerde	gedeputoerde	gedeputeerde	1	singular
gedeputeerde	gedepnteerde	gedeputeerde	1	singular
gedeputeerde	gedeputeer	gedeputeerde	2	singular
gedeputeerde	deputeerde	gedeputeerde	2	singular
gedeputeerde	gedeputerde	gedeputeerde	1	singular
gedeputeerde	gedputeerde	gedeputeerde	1	singular
gedeputeerde	puteerde	gedeputeerde	4	singular
gedeputeerde	gedeputeerdé	gedeputeerde	1	singular
gedeputeerde	gedeputeerdeu	gedeputeerde	1	singular
gedeputeerde	gedepuieerden	gedeputeerden	1	plural
gedeputeerde	gesleputeerden	gedeputeerden	2	plural
gedeputeerde	deputeerden	gedeputeerden	2	plural
gedeputeerde	gedeputeeerde	gedeputeerde	1	singular
gedeputeerde	geputeerden	gedeputeerden	2	plural
gedeputeerde	gedeputeeerden	gedeputeerden	1	plural
gedeputeerde	gedepiteerden	gedeputeerden	1	plural
gedeputeerde	gededuteerden	gedeputeerden	1	plural
gedeputeerde	gedeputeerdon	gedeputeerden	1	plural
gedeputeerde	gedeputoerden	gedeputeerden	1	plural
gedeputeerde	gedepuseerden	gedeputeerden	1	plural
gedeputeerde	geseputeerden	gedeputeerden	1	plural
gedeputeerde	gedepnteerden	gedeputeerden	1	plural
gedeputeerde	gedeputecrden	gedeputeerden	1	plural
gedeputeerde	gedeputeerdem	gedeputeerde	1	singular
gedeputeerde	gedepute	gedeputeerde	4	singular
gedeputeerde	gedeputcerden	gedeputeerden	1	plural
gedeputeerde	gedeputesrden	gedeputeerden	1	plural
gedeputeerde	gedepueerden	gedeputeerden	1	plural
gedeputeerde	gedepateerden	gedeputeerden	1	plural
memorie	memotie	memorie	1	singular
memorie	memorien	memorien	0	plural
memorie	mernorie	memorie	2	singular
memorie	memerie	memorie	1	singular
memorie	morie	memorie	2	singular
memorie	momorie	memorie	1	singular
koningh	koning	koningh	1	singular
koningh	roningh	koningh	1	singular
koningh	ningh	koningh	2	singular
koningh	koningb	koningh	1	singular
koningh	kuningh	koningh	1	singular
koningh	konmgh	koningh	2	singular
koningh	roning	koningh	2	singular
koningh	koningn	koningh	1	singular
koningh	koningen	koninghen	1	plural
koningh	koniugh	koningh	1	singular
koningh	koningin	koningh	2	singular
griffier	grifsier	griffier	1	singular
griffier	grissier	griffier	2	singular
griffier	grifher	griffier	2	singular
griffier	griffer	griffier	1	singular
griffier	grisfier	griffier	1	singular
griffier	gristier	griffier	2	singular
griffier	grifiier	griffier	1	singular
griffier	griftier	griffier	1	singular
griffier	giiffier	griffier	1	singular
griffier	grifier	griffier	1	singular
griffier	grifficr	griffier	1	singular
griffier	grisier	griffier	2	singular
griffier	grifaer	griffier	2	singular
griffier	grifssier	griffier	2	singular
griffier	gniffier	griffier	1	singular
griffier	grffier	griffier	1	singular
griffier	griffher	griffier	1	singular
griffier	guiffier	griffier	1	singular
griffier	griflier	griffier	1	singular
griffier	grifsiier	griffier	2	singular
griffier	criffier	griffier	1	singular
griffier	giffier	griffier	1	singular
griffier	guffier	griffier	2	singular
griffier	gnffier	griffier	2	singular
griffier	giifier	griffier	2	singular
griffier	grilfier	griffier	1	singular
griffier	ggiiffier	griffier	2	singular
griffier	griffiet	griffier	1	singular
griffier	greffier	griffier	1	singular
griffier	grefsier	griffier	2	singular
neevens	nevens	neevens	1	singular
neevens	ncevens	neevens	1	singular
neevens	neewens	neevens	1	singular
neevens	heevens	neevens	1	singular
neevens	necvens	neevens	1	singular
neevens	hevens	neevens	2	singular
neevens	newens	neevens	2	singular
neevens	beneevens	neevens	2	singular
neevens	neevers	neevens	1	singular
neevens	neeven	neevens	1	singular
neevens	necevens	neevens	1	singular
neevens	benevens	neevens	2	singular
neevens	nevers	neevens	2	singular
neevens	neevensde	neevens	2	singular
neevens	neeyens	neevens	1	singular
neevens	peevens	neevens	1	singular
neevens	nheevens	neevens	1	singular
neevens	negvens	neevens	1	singular
neevens	reevens	neevens	1	singular
neevens	neven	neevens	2	singular
neevens	hneevens	neevens	1	singular
neevens	neyens	neevens	2	singular
neevens	netvens	neevens	1	singular
neevens	henevens	neevens	2	singular
neevens	mneevens	neevens	1	singular
neevens	neffens	neevens	2	singular
resident	refident	resident	1	singular
resident	relident	resident	1	singular
resident	residen	resident	1	singular
resident	reiident	resident	1	singular
resident	retident	resident	1	singular
resident	relsident	resident	1	singular
resident	resfident	resident	1	singular
resident	resideut	resident	1	singular
resident	refsident	resident	1	singular
resident	resnident	resident	1	singular
resident	rerident	resident	1	singular
resident	residene	resident	1	singular
resident	renident	resident	1	singular
resident	kesident	resident	1	singular
resident	residendt	resident	1	singular
resident	sident	resident	2	singular
resident	rehident	resident	1	singular
resident	resdent	resident	1	singular
resident	rendent	resident	2	singular
resident	rehdent	resident	2	singular
resident	residenten	residenten	0	plural
resident	reslident	resident	1	singular
omtrent	ontrent	omtrent	1	singular
omtrent	omirent	omtrent	1	singular
omtrent	omtient	omtrent	1	singular
omtrent	trent	omtrent	2	singular
omtrent	omitrent	omtrent	1	singular
omtrent	omtrend	omtrent	1	singular
seeventien	seventien	seeventien	1	singular
seeventien	sceventien	seeventien	1	singular
seeventien	seeventiem	seeventien	1	singular
seeventien	leeventien	seeventien	1	singular
seeventien	feeventien	seeventien	1	singular
seeventien	secventien	seeventien	1	singular
seeventien	ventien	seeventien	3	singular
seeventien	teeventien	seeventien	1	singular
seeventien	seeventienm	seeventien	1	singular
seeventien	seewentien	seeventien	1	singular
seeventien	seevenrien	seeventien	1	singular
seeventien	feventien	seeventien	2	singular
seeventien	jeeventien	seeventien	1	singular
seeventien	sevenrien	seeventien	2	singular
seeventien	seyentien	seeventien	2	singular
seeventien	seceventien	seeventien	1	singular
seeventien	seventiem	seeventien	2	singular
seeventien	serentien	seeventien	2	singular
seeventien	leventien	seeventien	2	singular
seeventien	seeventienl	seeventien	1	singular
seeventien	seeventrien	seeventien	1	singular
seeventien	seeventen	seeventien	1	singular
seeventien	scventien	seeventien	2	singular
seeventien	jseeventien	seeventien	1	singular
seeventien	seventienm	seeventien	2	singular
seeventien	seventies	seeventien	2	singular
seeventien	seeyentien	seeventien	1	singular
seeventien	seoventien	seeventien	1	singular
seeventien	seevent	seeventien	3	singular
seeventien	sewentien	seeventien	2	singular
seeventien	seevenen	seeventien	2	singular
behoeve	behoeven	behoeve	1	singular
behoeve	hehoeve	behoeve	1	singular
behoeve	beboeve	behoeve	1	singular
behoeve	beroeve	behoeve	1	singular
behoeve	behoeye	behoeve	1	singular
behoeve	benoeve	behoeve	1	singular
behoeve	belioeve	behoeve	2	singular
behoeve	bchoeve	behoeve	1	singular
behoeve	brhoeve	behoeve	1	singular
behoeve	beboeven	behoeve	2	singular
behoeve	behoe	behoeve	2	singular
behoeve	hevoeve	behoeve	2	singular
behoeve	behocve	behoeve	1	singular
behoeve	behoere	behoeve	1	singular
behoeve	befioeve	behoeve	2	singular
behoeve	bevoeve	behoeve	1	singular
gesteld	gestelt	gesteld	1	singular
gesteld	gesteldt	gesteld	1	singular
gesteld	gefteld	gesteld	1	singular
gesteld	gestele	gesteld	1	singular
gesteld	geftelt	gesteld	2	singular
gesteld	gesteid	gesteld	1	singular
gesteld	getteld	gesteld	1	singular
gesteld	gestelde	gesteld	1	singular
gesteld	gesteit	gesteld	2	singular
gesteld	gefteldt	gesteld	2	singular
gesteld	geltelt	gesteld	2	singular
gesteld	gettelt	gesteld	2	singular
gesteld	gestest	gesteld	2	singular
gesteld	gelteld	gesteld	1	singular
gesteld	geiteld	gesteld	1	singular
gesteld	gestelr	gesteld	1	singular
gesteld	steld	gesteld	2	singular
gesteld	gesteli	gesteld	1	singular
gesteld	gestell	gesteld	1	singular
gesteld	gesleld	gesteld	1	singular
gesteld	geste	gesteld	2	singular
gesteld	hersteld	gesteld	2	singular
gesteld	gemeld	gesteld	2	singular
gesteld	geteld	gesteld	1	singular
